Date,DFD,Rivalen,Fortis '75,Groen Geel,Keizer Karel,DKV Victoria,Lemmer,Friso,Wez Warber,Ouderkerk,WION,Oosterpark,OBZB,Unicum,TFS,TOP (S),Blauw-Wit,Groen Zwart,Juko,Weidevogels,Atlantis,VKC,Hilversum,Amstel,KVA,KVD,Udik,Atalante,ONDO (M),ZSV,VADA,KVK,Snel,KVO,KVR,Swift (A),KVS,Elko,De Granaet,TCNH,KVZ,HPV,Viking,Zaamslag,De Regenboog,Invicta,Wez Fluch,Nowegro,De Driehoek,Jong Brabant,Blauw Wit '51,WWMD,Fiducia,'t Capproen,De Parabool,HKC (U),RDZ,Nova,Dio,Jodan Boys,BEP,Rapid,Ahoy,Rohda (H),Korulos,Trega,Terheijden,Forward,ODI (S),Madjoe,Refleks,BFC,Dubbel Zes '66,DSO (A),Paal Centraal,SGV,TOGO,Het Zuiden,Oosterkwartier,Furore,SEV (L),Roreko,ADO,Vlug & Vaardig / KCN,UNI (S),Korbis,Spannum,Wertha,Rood-Wit,De Lege Geaën,DKB,Wittenburg,Dos (K),DKC,Argus,Merwede,Ons Clubje,Wez Warber en Fluch,Avanti (P),Oranje Nassau,TOP (O),Wageningen,Maassluis,KOAG,HSV,Victum,DKV,Stormvogels (U),Vitesse '74,Ventura Sport,VZK / Donkerbroek,Sim,Focus,DES ’53,Neptunus,DKOD,Hoogkerk,Gemini,Olympia (S),Griffioen,Kwiek (D),Good Luck,UNA,All-Ready,Zwaluwen,DOT (O),Vakgericht,Hellas,UNI,HKV / Ons Eibernest,Elburg,LDODK,De Zwervers,Avereest,De Eemvogels,De Hazenkamp,Olympia (T),Zunobri,ACKC,Purmer,SOS ’60,Argo,Spangen,Sportief (N),SKF,Kameo,Terda,Animo Ready,Noord Oosten,Stormvogels (W),Emergo,HKC (He),WSS,Korfoes,Flamingo's (B),Deurne,Juliana,Organon,Attila,Zuidwesters,Olympia '22,Odival,ODA,Luno,DOS-WK,SKV (U),DOS Kampen,ODK,Haarlem,DOC,Mickels,ODO,BKC,GKV (G),Harich,Tweemaal Zes,Centrum,WIK '34,Odilo,ODS,Luxia,Club Brothers,Victoria,Woudenberg,Asko,DOS,RKC,OEC,Dow,Arena,Ten Donck,Watervliet,Ready,Rozenburg,Badhoevedorp,Wez Handich,De Meervogels,Harga,Huizen,SMS,VSV,Vogel,TOV,Swift (M),Oranje Zwart (Z),VIOS (N),Udiros,Ons Eiland,Ter Leede,Olympia (W),Geldrop,OSDO,Landlust,Voltreffers,Altijd Kwiek,SKV (S),SF Deinum,Débaldérin,AKC,Quick (D),Samos,Fortissimo,ONDO (G),Reflex,Wilskracht (E),WWC,Sporting Andijk,Oranje Wit (T),Celeritas (A),DOS '46,Vriendenschaar (B),WWSV,Spirit (V),Kesteren,Ny Libben,KZ,De Pein,Bolnes,SOS,OSCR,De Jouwer,Ados,USV,Zevenbergen,Amsterdam Zuid,Klimop (A),TOP (V),ALO,Excelsior ’54,Drachten,Schiedam,Phenix '72,Blauw Zwart,Olympus '58,Actief,Spes (E),De Wâlden,Sparta (Ze),ODIK,AKC (Ak),Heerlen,DSC,De Zwaluwen,ESDO,Quick (B),Stânfries,DTS (S),ZKV (Za),Joure,SIOS '61,DSV,Apollo,PKC,EKC Nääs,Fiks,ROG,MEO,DTG,DTL,De Lauwers,Luto,Dalto,DTV,De Corvers,Allen Weerbaar,Thor (H),Olympiaan,Nikantes,Advendo,Noorderkwartier,Revival,SKV (W),Valto,KC Rotterdam,LDO,Moedig Voorwaarts,Waterland,CSL,Volharding,De Boemerang,OKC,Nic,NKC '51,Sperwers,KCC,Amicitia,Ritola,KCD,Spirit ,Seolto,EKVA,OKO,EKC 2000,SSS,DVD,MN en W,NIO,Duko,KCO,KCN,Devinco,ODO (D),Fluks,Odis,KCS,Den Bosch,Diderna,OKV,KCR,DVO,Albino's,Olympiek,Keep Fit '70,GKV (D),DVS,Desto,Eerbeek,DVS '69,Mares,VZK,Volt,ZKC '19,ODI (A),Achilles (D),DWA,Aurora,Meko '74,Vlug & Vaardig (A),TOP (A),OLS,Sagitta,Helios,DWS,De Maaskanters,MIA,Ons Eibernest,Boelenslaan,NKC,Dindoa,MIK,Movado 278,Oranje Nassau (V),Kieviten,Fluks (L),Tempo,ZKC '16,ZKV (Zu),Wesstar,d'Ommerdieck,Hemur Enge,NKV,OJC '98,Diamco,Roda '70,Gymnasiasten,Pernix,Tjoba,Oerterp,ONI,'t Overschotje,SDO (S),Thrianta,Wolderwijd,Achilles (A),SVS,Schiebroek,De Bermen,Sporting Delta,Excelsior,Turbulas,Mid Fryslân,Koveni,Korvesta,KVS '17,Hellas '63,Marknesse,De Hoeve,MKC,Sparta (W),Hermes,Tilburg,Heerenveen,Rigtersbleek,KIOS (N),Oude Gracht,De Kapellen,Vicus Oriëntis,DKV (D),Kinderdijk,Rust Roest,SEV (Z),Kwiek (O),Springfield,ZKC '31,It Fean,ASVD,KZ Leiden,HBC,Zaandam Zuid,Fortis,Leonidas,Wees Kwiek,Korwi,Onder Ons,Fides Pacta,De Eibers,Hoger Op,RWB,SIOS,RWA,Crescendo,De Danaïden,KIA,Westerkwartier,'t Waterschip,De Meeuwen (L),Hoogvliet,RWR,Noviomagum,SDO (V),Rapiditas,PSV,Goorecht,Mélynas,KZ Danaïden,AVO,Sportief (?),Telstar,Nieuwerkerk,Oranje Zwart (M),OVVO,Fortuna,Houtsnippen,Rheko,Velox,De Algemene,SDO (W),Succes,Olympia (B),Vriendenschaar (H),Heemskerk,Rapiditas (Z),Harkema,HDT,Phoenix,IJsselvogels,De Tovers,Mariarade,Stormvogels (G),Koru,Breda,NQL,Stadskanaal '74,Aladna,Ons Huis,KIOS (R),DEVD,Korvo,SVK / Groen Wit,ODI (G),Triade,Pallas '08,Deto,Sport Vereent,Merwic,Regio '72,Lintjo,Sporting Trigon,De Voltreffers,De Oosthoek,Marfûgels,Kleine Sluis,SDO (H),Hebbes,Leeuwarden,Charlois,Scheldevogels,Kinea,DOS (E),Juventa,Animo (S),Velocitas,Frigro,Quick '21,Die Haghe,Samen Een,Vitesse (Be),Hou Stand,Deetos,Thor (R),Barrière,Nieuw Flora,De Raven,Exakwa,Hespa,Reehorst '45,Zuiderkwartier,Rodenburg,Mercedes,Ter Gouw,Stip,KNS,De Kanaries,Pams,Amsterdam,HHV,Sportlust,Ready '60,De Vinken,Ermelo,OWK,Conventus,OKO / Bies,SVMM,Portugaal,VDW,Overkanters,Luctor,Oranje Wit (D),SDO (K),Wandelbos,Zwart Wit,HKC (Ha),De Meeuwen,VIKO,VEO,KIOS '45,Ves,Tietjerk,Ede,Korbatjo,Excelsior (H),Altius,Sparta (N),Erasmus,Westergo,Wesko,Fortuna '68,Oost-Arnhem,VIOS (Ni),Activitas,Animo,Udi,Unitas,SkunK,Synergo,Atlas,Reeuwijk,EKCA,Nexus,Maastricht,VIOS (W),Sporting West,Sportclub,Trekvogels,Soesterkwartier,VZOD,HKV,Apeldoorn,Wilskracht,Antilopen,Tiel '72,WIK,Albatros,OZC,Eindhoven ,Roda,Wit-Blauw,Blauw Wit (K),Sparta (Zw),Vitesse (Ba),AW.DTV,Futura,Emmeloord,DeetosSnel,BKC (Breda),DTS (E),Twist,Triaz,DLKV,DSO (K),Vlaardingen,DDV,Veenwouden,Midlandia,Rohda,VIOD,Minerva,SBO,DED,Niek,HHCombi,Wordt Kwiek,KIDO ’68,Vlug & Vaardig (G),Noveas,Dordrecht,Vefo,Des,DES,VDW-OLS,BIKO,Noordenveld,Dijkvogels,De Waterpoort,Het Bosch,Asonia,Eureka,SCO,Wiko
1961/07/01,,,,1936,,,,1760,,,,1313,1210,,,,2405,1611,,,,1867,,,,1560,,,,,1867,,,,,2137,,,,,,,,,2015,,,,,,,,,,,,,,,,1607,,,,,,,,,,,,,,,,,2354,1541,,,,,,,,,,,,,1667,,,,,,,,,,,,,,,,,,,,,,,,,,,,,,,,,,,,,,,,,1767,,,,,,,,,,2124,,,,,1380,,,,1797,,,,,,1810,,,,,,,,,,,1631,,,,,,,,,,1684,,,,1362,,1881,,,1852,,,,1585,1654,1659,,,,,1077,,,1474,,,,,,,,,,,1542,,,,,,1722,1850,1743,,,,,,,,,,,,,,,1855,,,,,,,,,1302,,,,,,,,,,,,,,,,,,1267,,1510,1786,,1600,,,1060,,,1901,,,1603,,,,2101,,1773,,2068,,,,,,,,,,1840,,,,,,,,,,,,,,,,,,,,1435,,,,,1493,,,1857,,,,,1763,,,,,,,,,,,,,1520,,,,,1510,,,,,,,,,1441,2328,,,,,,,,,,2201,,,,,,,,,,,,,,,,,,,,,,,,,,,,,,,,,1977,1844,,,2138,,,,2143,,,1895,,,,1762,,,,,,,,,,1703,,,,,,,,,,2366,,,,,,,,1992,,,,,,,,,,1218,,,,1990,,,1659,,,1835,,,,,1235,,1573,,,,,,,,,,2029,,,,2012,1108,,,,,,1124,,,,,,,,,2017,,,,,,2304,,1721,1594,2219,,,1458,,,1401,,,,,,,,,,,,2028,,,,,,,,,,,,,,,,,,,,,,,,,1270,1508,,,,,,1518,,,,,,,,,,,,,,,,,,,2407,,,,,,,,1943,2049,,,,,,,,,,,,,,,,1764,,,2478,,,,1777,,,2150,,,,,,,,,1312,,,,,,,,
1962/07/01,,,,2013,,,,1793,,,,1221,1202,,,,2245,1601,,,,1871,,,,1576,,,,,1741,,,,,2085,,,,,,,,,2019,,,,,,,,,,,,,,,,1611,,,,,,,,,,,,,,,,,2351,1643,,,,,,,,,,,,,1529,,,,,,,,,,,,,,,,,,,,,,,,,,,,,,,,,1324,,,,,,,,1714,,,,,,,,,,2119,,,,,1494,,,,1906,,,,,,1771,,,,,,,,1377,,,1707,,,1821,,,,,,,1631,,,,1389,,1913,,,1856,,,,1661,1570,1711,,,,,,,,1397,,,,,,,,,,,1618,,,,,,1807,1953,1854,,,,,,,,,,,,,,,1830,,,1846,,,,,,1274,,,,,,,,,,,,,,,,,,,,,1900,,1510,,,,,,1836,,,1636,,,,2120,,1602,,2076,,,,,,,,,,1717,,,,,,,,,1920,,1624,,,,,,,,,1486,,,,,1585,,,1888,,,,,1879,,,,,,,,,,,,,,,,,,1469,,,,,,,,,1269,2378,,,,,,,,,,2190,,,,,,,,,,,,,,,,,,,,,,,,,,,,,,,1542,,1900,1843,,,2224,,,,2134,,,1830,,,,1699,,,,,1077,,,,,1660,,,,1616,,,,,,2411,,,,,,,,2039,,,,,,,,,,1150,,,,1881,,,1627,,,1921,,,,,1439,,,,,,,,,,,,1960,,,,2000,1113,,,,,,1086,,,,,,,,,2013,,,,,,2210,,1786,,2214,,,1374,,,1492,,,,,,,,,,,,2110,,,,,,,,,,,,,,,,,,,,,,,,,1334,1475,,,,,,,,,,,,,,,,,,,,,,,,,2376,,,,,,,,1975,2047,,,,,,,,,,,,,,,,1769,,,2483,,,,1865,,,2092,,,,,,,,,1266,,,,,,,,
1963/07/01,,,,1963,,,,1748,,,,1259,1092,,,,2198,1514,,,,1789,,,,1587,,,,,1725,,,,,1979,,,,,,,,,2078,,1623,,,,,1511,,,,,1449,,1559,,1614,,,,,,,1572,,,,1393,,,,,,2388,1597,,,,,,,,,,,,,1507,,,,,,,,,,,,,1630,,,,,,,,,,,,,,,,,,1708,,1325,,,1596,1263,,,,1670,,,,,,,,,,2115,,1171,,,1504,,,,1819,,,,,,1742,,,,,,,,1361,,,1711,,,1754,,,,,,,1627,,,1633,1473,,1946,,,1846,,,,1735,1584,1684,,,,,,,,1330,,1860,,,,,,,,,1560,,,,,,1806,1869,2008,,,,,,,1654,,,,,,,,1778,1678,,1920,1774,,,,,1290,,,,,1461,,,1633,,,,,,,1587,,,,,1412,1997,,1695,,,,,,1888,,,1568,,,,2256,,1707,,2079,,1480,,,,,,,,1698,1528,,,,,,1708,,1876,,1569,,,,,,1502,1472,,1376,,,,1492,1605,,,1889,,,,,2021,,,,,,,,,,,,,1544,,,1636,,1428,,,,,,,,,1251,2436,,1487,,,,,,,,2243,,,,,,,,,,,,,1691,1415,,,,1555,,,,,,,,,,,,,1604,,1885,1850,,1459,2293,,,,2093,,,1804,,,,1685,,,,,1072,,,,,1613,,,,1626,,,,1771,,2412,,,,,1325,,,2090,,,,,,,,,,,,,,1834,,,1638,,,1870,,,,,1454,,1579,,,,,,1529,1423,,,1814,1460,,,2093,,,,,,,1063,,,,,1601,1681,,1470,2066,,,,,,2178,1366,1791,1470,2229,,,1349,,,1524,,1790,,1295,,,1585,,,,,2012,,,,1389,,,,,,,,,,,,,,,,,,,,,1408,1410,,,,,,1653,,,,,,,,,,1529,,,,,,,1036,,2365,1723,,,,,,,1864,2004,,,,,,,,,,,,,,,,1736,,,2519,,,,1887,,,2075,,,,,,,,,1265,,,,,,1480,1765,
1964/07/01,,,,1960,,,,1739,,,,1256,,,,,2417,1504,,,,1737,,,,1554,,,,,1716,,,,,2052,,,,1150,,,,,1988,,1548,,,,,1566,,,,,1358,,1547,,1714,,,1257,1198,,,1548,,,,1481,,,,,,2284,1641,,,,,,1338,,,,,,,,,1715,,,,,,,,,,,1747,,,,,,,1266,,,,,,,,,,,1541,,1350,,,1585,,,,,1565,,,,,,,,1134,,2177,,1208,1382,,1537,976,,,1938,,,,,,1763,,,,1527,,,,1457,,,1636,,,1691,,,,,,,1651,,1187,1603,1463,,1970,,,1828,1360,,,1730,1544,1714,,,,,,,,1458,,1840,,,,,,,,,1501,,1121,,,,1903,1839,2089,,,,,,,1620,,1371,,,,,,1861,1752,,1875,1807,1344,,,,1130,,,,,1457,,,1572,,,,,,,1672,,,,,,1969,1479,1680,,,,,,1769,,,1541,,,,2315,,1741,,1973,,1565,,1361,,,,,,1747,1539,,,,,,1781,,1876,,1620,,,,,,1577,1577,,1440,,,,1608,1645,,,1874,1101,,,,2038,,,,,,,,,,,,,1508,1441,,1621,,1379,,,,,,,,,1215,2443,,1426,,,,,,,,2255,,,,,,,,,1715,,1625,1312,1709,1428,,,,1624,1313,,,,,,,,,,,,1499,1153,1899,1842,,1586,2155,,,,2127,,,1815,,,,1728,,,,,983,,1198,,,1673,,,,1614,1543,,,1777,,2435,,1347,,,1288,1675,,2131,,,,,,,,,,,,,,1768,,,1497,,,1926,,1418,,,1425,,1546,,,,,,1519,1306,,,1844,1466,,,2024,,,,,,,,,,,,1503,1561,,1569,2097,,,,,1534,2134,1304,1660,,2220,,,1276,,,1543,,1839,,,,,1591,,,,,2005,1380,,,1323,,,,,,,,,,,1274,,,,,,,,,,1443,1558,,,,,,1555,1232,,,1070,,,,,,1512,,,,,,,,,2357,1713,1346,,,,,,1874,2071,,,,,,,,,,,,,,,,1672,,,2501,,,,1807,,1139,1943,,,,,,1202,,,1229,,,,,,1528,1798,
1965/07/01,,,,1920,,,,1710,,,1350,1329,1131,1034,,,2396,,,,,1628,,,,1672,,,,,,,,,,2038,,,,1103,,1172,,,2068,,1688,,,,1204,1726,,,,,1322,,1474,,1832,,1150,1152,1236,,,1388,,,,1571,,,,,1371,2195,1566,,,,,,1290,,,,,,,,,1760,,1431,,,,,,,,,1800,,,,,,,1320,,1074,1145,,,,,,1294,,1335,,1326,,,,,,,,1474,,,,,,,,1314,,2141,,1108,1300,,1519,,,,1924,1186,,,,,,,,,1512,,,,1490,,1125,1688,,,,,,,,,,,,1221,1473,1510,,1927,,,,1317,,,1631,1494,1713,,,,,,,,1441,1437,1796,,,,,,,,,1471,,,,,,1833,1722,2091,,,,,,,,,1399,,,,,,1867,1728,,,1776,1343,,,,1158,,,1307,,1553,1177,,,,,,,,,1644,,,,,,2086,1482,1647,,,1111,,,,,,1532,1181,,,2461,,1747,,1912,,1563,,1409,1004,,,,,1748,1595,,,,,,1874,,1924,,,,,,,,1660,1650,,1450,,,,1648,1673,,1594,,1032,,,,1936,,,,,,,,,,,,,,1429,,1576,,1342,,,,,,,,,1350,2450,,1364,,,,,,1891,,2232,,,,,,,,,1688,,1639,1229,,,,,,,1275,1332,,,,,,,,,,,1550,1169,1839,1807,,1622,2072,,,,2111,1207,,,,,,1705,,,,,,,1189,,,,,,,,1484,,1424,1826,,2410,,1470,1415,,,,,2100,,,,,,,,,,1184,1087,,1185,1818,,,1485,,,,,1484,1472,,1451,,,,,,,,1587,1314,,,1923,,,,1992,,,,,,,,,,,,1506,1399,,1660,2167,,1535,,,1489,2185,1251,1591,1398,2195,,,1302,1129,,1455,,1885,,,,,1589,,1551,,,1891,,,,,,,,,,1219,,,,,,,,,,,,,,,1510,1628,,,,,,,1289,,,,,,,,,,,,,,,1640,,,2273,,,,,,,,,2185,,,,,,,,,1388,,,,,,,1684,,,2486,,,,1744,,1196,2023,,,,,,1286,,,1206,,,,,,1534,1740,
1973/07/01,,,,1908,,,,,,,,1235,,,,,2401,,1130,,,,,1262,,1681,,,,,,,,,,1973,2016,,,1166,,,,,1878,,,,,,,,,,,,1458,,,,1938,1194,,,,,,,,,,1446,,,,,,2148,1492,,,,,,,,,,,,,,,,,,,,,1294,,,,,,,1447,1061,,,,,,,1221,2132,,,,,,,,,,,,,,,,,,,,,,,,,,,2039,,1186,1389,,,,,,,,,,,,,,,,,,,,,,,1613,,,,,1685,,,,,,,,,1544,,1939,,,,,1156,,1497,1565,1741,1007,,,,,1516,,1493,,1778,,,,1492,,,,1094,1390,,,1295,,,,,1940,,,,,,,,,,1786,1222,,,,1853,,,,,,,,,1223,,,,,,,,,,,,,,1324,,,,1332,,,2043,,1807,,,1260,,2000,1880,,,1452,,,,2301,1414,1749,,2012,1540,,,,,,,,,,,,,,,,,,1967,,,,,,,,,,1833,,,,,1556,1664,,,1701,,1425,,,2024,,,,,,,1533,,,,,,,,,,,1535,,1326,,,,,,,1576,2468,,,,1723,,,,,,2069,,,,,,,,,,1952,,,,,,,,,,,,,1774,,,,,,,,,,1937,,,,1968,1195,,,2015,,1750,1772,,,,1658,,,,,,,,,,,,,1475,,,,,1964,,2250,,,,,,,,2073,,,,,,,,,1949,1606,,,,1948,,,1481,,,1917,,,,,1517,,,,,,,,,,1719,,1703,,,,1955,,,,,,,1092,,,,,,,,,1962,,,,,,2176,,,,2156,,,1355,,,1433,,1979,,,,,1639,,1690,,,,,1283,,,,,,,,,,,,,,1378,,,,,1730,,,,1678,1659,1243,,,,,1692,,,,,,,,,,,,,,,,1730,1382,,2103,,,1300,,,,,,2054,,,,,,,,,,1132,,,,,,,,1379,2380,1288,,,,,,2120,,,,,,,,,1128,,,,,,,,
1988/07/01,1175,,,2038,1967,,,1711,1483,,1308,1239,,1177,1176,2106,2177,,,1129,1364,1672,,1253,,1611,,,1492,,,,1874,1285,1419,1943,1827,,1328,1301,,,,,1897,1152,,,1751,1038,1365,1588,1523,1657,,1262,1467,,1539,1693,1906,,,,1219,1594,1406,,1328,,,1454,,,,,1321,2104,1377,,1385,,1212,,,,,,,,,,,1753,,1504,,,1368,1356,,,1981,1660,1556,,1495,1171,1427,1510,,,,,,2121,,,1450,,1364,,,,,,,,,,,,1509,,,,,,,,,,,,,1351,,,,,,1880,,,1431,1530,,1727,,1373,,,1637,,,1462,1672,1189,1510,1655,,1642,,1649,1251,1514,,,,,,1373,1505,1415,1736,1268,,1784,1338,1095,1871,1578,1693,1715,1066,,1787,2011,,1504,,1460,1510,1785,1847,,1277,,,,1685,,,,,,,,1878,1604,1808,1553,1527,,1728,,,1596,1511,1679,1687,,1609,,1528,1706,1583,1279,1885,1695,,1503,,,,,,1494,1367,1792,,,,,1745,,,1610,,,,,1447,,,1978,1316,1877,1452,,,,2116,1760,1815,1913,,,,,2297,1648,1875,,2018,1492,1651,,1492,,1640,,1259,,1823,,1783,1131,,1664,,1954,,1863,,,2039,,1147,,1705,1757,1565,1753,,1371,1291,,,1640,,1622,,,,,,1725,,2040,,,,,1350,,,1062,,,1352,1450,,1626,1868,1542,1441,,1199,,1453,,1308,,1537,2218,1314,,,1408,,1328,,1593,1325,1928,,,,,1277,,,1241,,1858,1588,,,,,1412,,,,,1748,,1744,,,,,,,,1557,,1860,1664,,1799,,1240,1475,1460,,1404,1751,1757,,,,1620,1347,1744,,,,,,,,,1893,,1430,,1603,,1391,1922,,2121,,1459,1483,1895,1390,1842,,1957,1821,,,,1796,,1490,,1677,1772,,1934,1233,1883,,1150,,1847,,1865,1277,,1520,1707,1528,1203,,1380,,,,,1561,1283,1726,,,,,,1857,,1308,,,,,,1740,,1442,,1527,,,1515,,1459,1651,1620,,1538,2115,,,,2118,1260,,1417,,1126,1550,,1886,1944,,1934,,1497,1885,1594,,,1773,1513,1630,,,1336,,,1593,1814,1593,,2071,,1219,,1546,1570,1323,1869,,1723,1569,,,1682,1680,1488,,,,,1848,,,,,,,,1130,1741,,,,,,1788,1887,1376,1328,2015,1748,,1525,,1044,1983,,1783,1948,1778,,,1079,,,1522,,,,,,,,1898,,,,2301,,,,,,,1924,2011,1693,,,1328,1382,1213,,,,1411,1199,,,1467,1915,
1989/07/01,,,,2003,1984,,,1752,1481,,1300,1235,,1208,,1911,2075,,,1301,1409,1561,,1307,,1685,1339,,1594,,1651,,1877,1345,1442,1933,1832,1740,1321,1356,,,,,1816,1160,,1534,1658,1159,1376,1558,1615,1546,1808,1223,1425,,1609,1710,1922,,,,1234,1530,1374,,,1537,,1449,1687,,,,1326,2085,,,1437,1589,,,,,,,,,,,1732,1705,,1570,,,1397,1347,,,1797,1713,1550,,1410,1290,,1602,,,,,,2139,1376,,1410,1353,1591,,,,,,,,,,,,1529,,,,,,,,,1281,,1255,,1424,,,,,,1842,1387,,,,1147,1679,,1358,,1403,1606,,1942,,1628,1237,,1598,1641,1725,,1595,,1549,,,,1149,,1338,1483,1430,1806,1259,,1796,1352,,1800,1600,1753,1761,,1304,1761,1993,,1606,1448,1491,1642,1778,1880,,,1279,,,1553,,1257,,,,,,1987,1665,1803,1662,1676,,1715,,,1590,1494,1732,1569,,1465,,1580,1579,1612,1357,1822,1705,,1504,,,,,,1571,1466,1811,,,,,1687,1635,,1542,1290,,,,1517,,,1883,,1842,1604,,,1139,2254,1604,1821,1907,,,,,2095,1817,1894,,2089,1490,1597,,1464,,1621,,1298,,1955,1537,1682,,,1724,1604,1877,,1958,,1649,1803,,1169,,1607,1645,1592,1749,,1317,1224,,,1547,,1503,,,,1607,,1662,,2076,1787,,,1243,,,,,,,,1363,,1703,1843,1515,1506,1274,1374,1561,1492,,,,1444,2068,1337,1445,,1353,,1346,,1702,1400,1917,1518,,,,1442,,,1249,,1908,1668,,,,1949,1362,,1717,,,1737,,1581,,,,,,,,1638,,1877,1577,1404,1877,1882,1321,1399,1428,,1598,1825,1640,,1106,,1606,1385,1654,,,,,1282,1454,1771,1657,1817,,1424,,1737,,1497,1799,1074,1993,,,1482,1781,1507,1814,,1853,1789,,,,,,1556,,1597,1950,,1953,1235,1676,,1375,,1682,,1875,1275,,1469,1660,1492,1150,,1275,,,2053,,1527,1314,1860,,,,,,1870,,1315,,,,,,1795,,1363,,1531,,,1494,,1528,1736,1458,,1640,2031,1295,1566,1372,2230,1327,,1432,,,1516,1344,1785,1926,,1897,,1680,1766,1667,,1965,1734,1383,1738,,1433,1358,,,1530,1934,1684,1441,1891,,,,1623,1575,1302,1836,,1644,1526,,,1673,1659,1621,,,1292,,2026,,,1075,,,,,,,1669,,,1043,,1762,1770,1506,,1937,1709,,1589,,1020,1907,,1697,2026,1882,1127,,1382,,,1402,,,1094,,,,,1935,,,1353,2268,,,1412,,1565,1238,1932,1897,1681,,,1173,1320,1265,,,1800,1432,,,,1498,1958,
1994/07/01,1208,,1662,1930,1880,,,1611,1387,,1463,,,,1366,1973,2029,,,,1390,1483,,1352,,,1411,1952,1542,,,,1828,1261,1517,1888,1880,1613,1266,1271,,,1642,,,1337,,1484,1581,1150,1370,1437,,,1643,1283,1412,1405,1444,1658,1976,,,,1261,1522,,,,1561,,,1609,,,1225,1340,1913,1426,,,1713,,,,1453,,1532,,1680,,,1719,1679,,,,,,1435,1590,,1677,1681,,1710,1528,1278,1319,,,1349,,,,2183,1487,,,1356,,1369,,1061,,,,,,2122,1447,,,1375,1600,,,1453,1517,,,1284,,1290,1215,,,,,,,,1595,,1454,1495,,,1587,,,1439,1548,1788,,,1593,1234,1526,1458,1554,1740,,1655,1211,1587,,,,1220,,1443,1639,1429,1758,1296,,1783,1458,1108,,1463,1780,1626,1147,1453,1833,,1093,,1419,,,1742,1865,,1435,,1916,,1607,,,1455,,,1519,,2019,1662,,,1603,2014,,,,1598,1611,1864,,,1385,1819,1710,1615,1652,,,,,1378,,,,1662,1494,,1488,1793,,,1580,,,1569,,1630,1367,,1661,,,1352,,1886,,1866,1473,,,1263,2226,1686,1783,1788,,,,,2085,1981,1838,,2083,1379,,,1392,,1604,,,1391,1881,1467,1549,,,1701,,2011,2064,,,1602,1780,1450,1169,,1614,1640,1630,1709,,,1242,,,,,,1654,,,1544,,1532,,1910,1664,1542,,1255,1352,1580,,,1670,1133,,1418,,1804,1783,1451,1480,,1479,1412,,,1299,,1492,,,1447,1335,1266,,1473,1101,,1451,,,,,2075,,,1598,1302,,1812,1756,,,,1720,1415,1610,1749,,,,,1701,,,,1303,,1353,,1548,,1659,,,1884,1853,1439,,1434,,,1722,1495,,,,1480,,1655,1273,,,,,1421,1746,,1867,,,,1766,1254,1551,1732,1204,,,,,,,1750,,,1705,,,,,1868,1712,,1539,1953,,1844,,1738,,,,,,,1384,,1592,1726,,1183,,1377,,,2062,,,1330,1932,,,,,,,,,1309,1437,,,,1812,,,1933,1721,,,1548,,1648,1796,1272,,1738,2098,1289,1555,,2220,,1761,1364,1085,1287,1434,1318,,1961,,,,,1689,,,1860,,,1741,1741,1371,1384,,1896,,1947,1728,,,1489,,,1626,,1414,1723,1128,,1434,,,,1713,1666,,,1435,,1978,,,1171,,1721,,,,,1774,,,,1753,,1785,,1352,,1819,,1549,1766,,1775,,1685,1831,1867,1177,,,,1981,,,,1182,,,,,1775,,,1361,2264,,1777,1246,,1637,1247,2052,1899,1697,,,1234,1418,1322,,,1692,1564,1251,1868,,,1944,
1995/07/01,1328,,,2010,1894,,,1549,1457,,1697,,,,1579,1803,2105,1546,1333,1527,1342,1543,,1719,,,1401,1838,1624,,1881,,1801,1283,1482,1643,2090,1561,1243,1223,,,,1965,1762,1338,,1547,1580,,1371,1396,1581,,1550,1277,1410,,1504,1516,1903,1213,,,1355,,1327,,1451,1453,,,,,,,1403,1798,1474,,1380,1588,1506,,,,1463,,,1548,,,1535,1733,,1580,,,1624,1409,1420,,1577,1702,,,1626,1300,1304,1678,,1254,,,,2170,1594,,1416,1279,,1288,,1286,,,,,1284,2015,1402,,1464,1385,,,,1377,1474,,,1336,,1312,1284,,,,,2179,,1726,1663,,1502,,1190,,,1587,,1434,1410,,1923,,1575,1170,1510,,,1821,1860,1796,,1620,,,,1239,,1406,1555,1464,1791,1290,,,1438,1313,1649,1430,1907,1626,1145,1398,1901,,1204,,1427,1482,,1823,1758,,1615,,,,,,,1347,1216,,1534,,2130,1479,1760,1584,1663,,,,,,1740,2006,1369,1099,1409,1624,1657,1700,1689,1617,,,,1301,,,,,1564,1435,,2025,,1413,1534,,1582,1508,,1639,1421,,,,,1344,,1900,1367,1824,1430,,,1276,2237,1765,1660,1870,,,1181,,1913,1945,1893,1594,2059,1292,,,1417,,1526,,1298,1443,1972,1406,1482,1304,1869,,,2053,1983,1754,,1590,1688,1387,1190,1673,1448,1609,1748,1808,,,1370,,,1457,,,1741,,,,,1516,,1965,1463,1549,,,1370,,,1308,,1145,,1474,,1850,1738,1493,1465,1251,1447,1410,1472,,1316,,1385,,,1405,1425,1190,,1459,,,1538,1783,,,,1852,1488,,1450,1307,,1637,1734,,,1544,1514,1648,,1683,,,,,1737,,,,1433,,1415,,1616,,1418,,1539,1954,1850,1771,,1611,,1630,1762,1489,,,1889,1489,,1642,1580,,,,,1363,1691,,1689,,,,1822,1343,1531,1682,1288,,1403,,1308,,,1724,,1631,1736,,,,,,1735,2059,,1993,,1807,,1785,1109,,,1657,,1841,1462,,1706,1582,1491,,,1399,1876,,1990,,,1325,1888,1861,,,,,1858,,,1256,1475,,,,1824,,,,1683,,2073,1639,,1632,1739,1271,,1625,2099,1223,1514,,2252,1439,1588,1448,,1329,1448,1322,,1865,,,,,,,,1830,1713,,1640,,1380,1406,,,,1859,1714,1352,1996,1637,,1328,1647,1681,,1636,1212,,1478,,,,1607,1618,1565,,1413,,2170,,,1239,,1650,,,1070,1595,1739,,,1147,1497,,1696,1463,1265,,1770,,1666,,,1613,,,1730,1713,1566,1612,1595,,1728,1323,,,1324,,,,1919,1916,,,,2139,,,,,1606,1308,2144,,1626,,,1267,1484,1301,,,1786,1493,1447,,,1407,1972,
1996/07/01,,,,2049,1716,,,,,,1827,,,1194,1577,1679,2210,1592,,1515,1430,,,,1731,,,1744,1549,,2107,,1794,1324,,1688,2038,,,,,,,1812,1749,,,,,1074,1265,,1568,,,1374,1479,1455,,,1838,1177,,,,,,,1368,1475,1765,1336,1677,,,1234,1437,1729,1544,,1477,,1676,,,1488,,,,,,,,1684,,1569,,,1769,1523,1431,,1571,1774,,1705,1582,1297,,1644,,,1825,,,2264,,1767,1431,,,,,1352,,,,,1261,1971,1579,,1495,,,,,,1405,,,,,,1378,,,,,1760,,,,1870,1500,,1206,,,1781,,,,1819,1915,,,,1468,1524,,1869,,1852,,1552,1785,,,,,,1540,1524,1793,1354,,1712,,1315,1568,1473,1936,1607,1155,,1817,1536,1226,,,1456,1449,1888,1812,1158,1652,,,,,1035,,1465,,,,,2066,1467,1782,,1683,,,,,1556,1658,2142,1578,,1334,1639,,1854,,1656,,,,1278,1642,,,1633,1571,1450,,1957,,1429,1561,,1318,,,,1474,,,,,1490,,1909,,1721,,,,1286,2242,1860,1475,1871,,,,,1968,2078,1777,1612,2039,1320,,,,,,,1359,1542,1969,,1396,,1736,,,2072,1881,1687,,1562,1707,1353,1191,,1426,,1723,1890,,,1415,,,1376,,1544,1455,,,,,1469,,1954,,1515,1475,1416,,1575,,1358,,,,,,1922,1681,1471,,1263,1560,,1458,,1306,,,,,,1482,1142,,1393,,,1563,,,,,1760,1537,,1468,,,1618,1767,,,,,1664,1510,,,,1737,,1697,,,,,,1423,,1624,,,,1495,1985,1834,1749,,1694,,1616,1734,1563,1554,,,1539,,1666,1444,,,,,,,,,,,,1826,1542,1454,1724,,,,,1292,,1476,1808,,1706,,,,,,1879,1764,,1534,1984,,1773,,,1112,,,1625,,1862,,,1760,1690,,,,,1860,,1939,,,,,1703,,,,,1786,,1405,,,1978,,,1903,,,1925,1662,,,,,1617,1678,1427,,,2123,,,,2288,1352,,1344,,1355,1517,1343,,1886,,,,,,,,,1708,,1577,1715,,1424,,1782,,1823,1726,1321,2048,1586,,,1536,1867,1355,1708,,,,,,,1610,1781,1580,,,,2299,,,1240,,1590,,,1132,1401,1691,,,1205,1420,,1641,1478,1285,,1830,,1661,1769,1007,1621,,,1694,1746,1285,,1726,,1695,,,,1282,,,,,1848,,,1358,2062,,,,,,,2026,,1707,,,,,1304,,,1750,1565,,,,1449,1987,
1997/07/01,,,1592,2035,1503,,,,,,1876,,,1235,,1733,2240,,,1516,1390,,,,1801,,,1786,1560,,1993,,1713,1318,,1725,2019,,,,,,1651,1592,1776,,,,1541,,1307,,1544,,,1381,1477,1497,,,1799,,,,,,,,1292,1489,1906,,1527,,,1297,1347,1752,1431,,1458,,1764,,,1568,,,,,,,,1596,,1605,,,1674,1489,,,1723,1826,,1698,1624,1285,,1541,,,1614,,,2212,,1648,1508,,,1616,,1456,,,,,,2105,1474,2073,1515,,,,,,1444,,,,,,1421,,,,,1560,,,,,,,1473,,,1600,,,,,1867,,1565,,,1450,,1793,1754,1776,,1665,,,,,,,1538,1652,,1338,,,,1284,1594,,1918,1540,,,1832,1444,1283,,,1491,1372,1948,1808,1377,1643,,1874,,,,,1509,,,,,2138,1412,,1543,1764,1974,,,,1525,,2192,1523,,1350,1658,,1962,,1687,,,,,1479,,,,1552,1643,,1981,,,1538,,1506,,,,1510,,,,,1524,,1900,,1750,,,,,2240,1764,1553,,,,,,2074,2140,,,,,,1954,,,1523,,1351,1533,,,,,1547,,,2197,1867,1677,,,,1321,1204,,1363,,,1856,,,1396,,,,,1489,1298,,,,,,,2031,,1478,1690,1502,,,,1414,,,,,,1892,,1395,,1239,1526,,1569,,,,1343,,,,,,,1422,1125,,1584,,,,,1704,1567,,1540,,,1581,1864,,,1550,,1710,,1637,,,1560,,1795,,,,,,1529,,,,,,1686,2012,,1681,,1730,,1649,1690,1579,,,,1467,,,1541,,,,,,,,,,1378,,,1646,1699,1580,,,,,,,,1673,,1658,,,,,,1885,1777,1792,1469,2010,,1765,1260,,,,,1622,,1841,,,1819,1760,,,,,1607,,,,,,,,,,,,1843,,1386,,,1979,,,1872,,,,,,1620,,,,1739,1580,,,2262,,,,2329,1323,,,,1387,,,,1785,,,,,,,,,,,1524,,,1356,,1820,,1798,1595,1580,2087,1638,,,1716,1977,1355,1595,,,,,,,1498,1717,1636,,,,2293,,1588,1220,,1712,,1810,1149,1358,1628,,,1231,,,1691,1458,1381,,1814,,1729,1748,,1608,,1519,1602,1817,1322,,1657,1868,1770,,,,,,,,1909,1946,,,1382,2066,,,,,,,1910,,,,,,,1293,,,,1548,,1836,,1451,2102,
1998/07/01,,,,2162,1530,,,,,,1927,,,,,1877,2195,1661,1419,1445,1568,,,,1699,,,1711,1537,,2123,,1773,,,1690,2078,,,,,,,,1760,,,,,,,,1606,,,,,,,,1796,1238,,,,,,,,1348,1857,,1415,1408,,,1344,,,,1254,,1759,,,1469,,,,,,,,1651,,1688,,,1790,1564,,,1719,1777,,,1432,,,1643,,,,,,2093,,1572,1563,,,1547,,,,,,,,2182,,1998,1475,,,,,,1466,,,,,,,,,,,1492,,,,,,,1461,,,1524,,,,,1818,,,,,,,1704,,1711,,1708,,,,,,,1552,1676,,1344,1610,,,,1597,,1967,,,,1816,1445,,,,1457,1372,1842,1755,1261,,,,,,,,1581,,,,,2126,1459,,1533,1560,,,,,1492,1744,2266,1396,,,,,1921,,1523,,,,,,,,1626,,1602,,1978,,,,,1314,,,,,,,,,1513,,1810,,1776,,,,,2391,1747,1654,,,,,,1915,2155,,1513,,,,1652,,,,,1480,,,,,,,,,2295,1780,1605,,,,,,,,,1682,1750,,,1405,,,,,1552,1297,,,,,1395,,1966,,1484,1564,1508,,,,1559,,,,,,1931,,,,1145,1697,,1604,,,,,,,,1574,,,1664,,,1660,,,,,,1690,,1376,,,1545,1922,,,1561,,1842,,,,,1614,,1694,,,,,,,,,,,,1740,2059,,1659,,1917,,1647,1751,1516,,,,1532,,,1408,,,,,,,,,,,,,1426,1724,1647,,,,,,,,1627,,1606,,,,,,,1753,,1478,2054,,,,,,,,1665,,,,,1691,1665,1547,,,,,,,,,,,,,,,,1757,,1421,,,2147,1492,,1963,,,,,,,,,,1887,1403,,,2402,,,,2328,,,,,,1448,,,,,,,,,,,,1635,,1566,,,1429,,,,1840,,1617,2087,1782,,,1718,2077,,1613,,,,,,,1380,1625,1687,,,,2304,,,,,1632,,1788,,,,,,,1540,,1633,1573,,,1796,,1881,,,1702,1972,,1566,1793,,,1755,1855,1820,,,,1313,,,,1691,1954,,,,2127,,,,,,,1827,,,,,,,,,,,1685,,,,1281,1890,
1999/07/01,,,,2232,,,,,,,1885,,,1357,,2015,2238,,1423,1493,1439,,,,1670,,,,1531,,2120,,1716,,,1592,2169,,,,,,,,,,,,,,1366,,1621,,,1437,,,,,1810,1176,,,,,,,,1498,1904,,1359,1456,,,1315,,1417,,,,1745,,,1728,,,,1767,,,,1531,,1770,,,1835,1476,,,1631,1882,,,1770,1243,,1536,,,1500,,,1801,,1415,1719,,,1473,,1494,,,,,,2128,,2016,1422,,,,,,1510,,,,,,,,1454,,,1565,,,,,,,1577,,,,,,,,1953,,,,,,,1771,1483,1754,,1708,,,,,,,1569,1523,,,1430,1657,,,1494,,1935,,1224,,1921,1461,,,,,1433,1835,1851,1415,,,,,,,,1599,,,,,2063,1375,,,1686,,,,,1518,1622,2328,1338,,1375,,,1907,,1578,,,,1333,,,,1618,,1605,,1875,,,,,1382,,,,,,,,,1514,,1836,,1923,,,,,2441,1727,1626,,,,,,1759,2152,,,,,,1435,,,,,1465,,,,1459,,,,,2405,1605,1725,,1679,,,,,,,,1744,,,1321,,,,,1642,1284,,,,,1501,,2154,,1554,1504,1465,,,,1689,,,,,1157,1977,,1405,,,1686,,1572,,,,,,,,1710,1185,,1543,,,1682,,,,,,,,1502,,,1705,1909,,,,,1800,,,,,1482,,1853,,,,,,,,,,,,,1988,,,,1910,,,1758,1540,,,1601,1498,,,1505,,,1837,,,,,,,,,,1531,1668,1769,,,,,,,,1626,,1591,,,,,,1636,1779,1649,1555,2084,,,,,,,,1715,,,,,1568,1671,1565,,,,,,,,,1392,,,,,,,,,1439,,,2147,1445,,2006,,,,,,,,,,,1462,,,2434,,,,2418,,,,,,1529,,,1755,,,,,,,,,1605,,1440,,,,,,,2028,,1526,2021,1862,,,1710,2086,,1624,,,,,,,,,1623,,,,2389,,,,,,,1783,,1437,,,,1570,,,1604,,1382,,1747,,1989,,,1640,1766,,1547,1904,,,1583,1917,1932,,,,1183,,,,1486,1910,,,,2020,,,,,,,1685,,,,,,,1254,1711,,,1737,,,,1316,1864,
2000/07/01,1517,,1473,2153,,1461,,,,,1952,,,,1652,2094,2244,,1493,1520,,,,,1657,,,,1459,,1997,,1777,,,1541,2190,,,,,,,,,,,,1611,,,1363,1597,,,,,,,,1989,,,,,,,,,1469,1915,1250,,,,,,,,,1346,,1624,,,1680,,,,1837,,,,1496,,1549,,,1908,1471,,,1677,1879,,,1798,,,1628,,,,,,1694,,,1612,,,1550,,1560,,,,,,2155,,1933,,,,,,,,,,,,,,,,,,1575,,,1728,,1508,,,,,,,,,1694,2046,,,,,,,1881,1518,1814,,1673,,,,,,,1605,,1826,,1505,,,,,1449,1755,,,,1892,,,,,,,1906,1848,,1610,,,715,,,,,,,,,2001,,,,1642,,,,,,1756,2314,1464,,,,1498,1756,1571,1602,,,,,,,,1559,,1711,,2001,,,,,,,,1640,,,,1743,,,,1662,1423,1821,1450,,,1204,2448,,1753,,,,,,1693,2192,,,,1419,,,,,,,1432,,,,,1615,1416,,,2452,1550,1545,1931,1827,1577,,,1613,,,1662,1789,,,,,,,,1507,1228,,,,,1587,,2176,,,,1429,,,,,,,,,,1843,1520,,,,1574,,1438,,,,,,,,1770,,,,,,1712,,,,,,1610,1458,,,,1649,1900,,,,,1857,,,,,,1556,1878,,,,,,,,,,,,1791,1992,,1643,,,,,1919,,,,,,,1791,1656,,,1866,,,,,,,,,1691,,1481,1614,,,,,,,1572,,,1474,1730,,,,,,1742,1746,1676,2162,,,,,,,,1729,,,1609,,1610,1691,,,,,,,1723,,,,,,1550,,,,1821,,,,1420,2113,,,2089,,,,1718,,1472,1696,,,,1450,,1594,2570,,,,2427,,,1479,,,1393,,,1758,,,,,,,,,,,1410,,1425,,2000,,,,,1511,2116,1881,,1555,1672,1969,,1650,,,,,,,,1503,,,,,2341,,,,,,,,1240,,,,,,1654,,1654,,,,1701,,2057,,,1660,1818,,,1910,,,1728,1696,1966,,,,,,,,1546,1823,,,,2127,,,,,,,1740,,1664,,,,,1242,1765,,,1771,,,,,1838,
2001/07/01,1651,1213,,2088,1578,1513,,,,,2060,,,,1595,2253,2458,1612,1439,1529,1382,,908,,1702,,,1700,1544,,2197,,1811,1375,,1641,2129,1547,,1007,1758,,1641,,1644,,,,1475,,,,1529,,,1620,1583,1500,,,1817,,,,,,,,,1436,1924,1166,1446,,,1425,1416,,1438,,,,1476,,,1510,,,1346,1853,,,,1453,,1606,843,,1998,1493,,,1808,1940,,1625,1646,,,,,,,,,1610,,,1459,,,1492,,1654,1367,1705,891,1458,1096,2198,1588,1880,,,1562,708,,,,,,,,,1753,,,,,1507,,1482,1645,1750,1472,,1699,,,,1193,,,1611,2178,1082,1587,,1415,1372,,1746,1541,1735,1392,1623,1479,,,,,,,1362,1800,1499,,1578,,1404,,,1699,,1358,,2017,,1546,,,1262,,1777,1660,,,,1556,,,,,,,,,773,1900,,,1515,1572,,,,,,1710,2328,,,,1578,1294,1980,1560,1694,,,,1425,,,,,1763,1674,,1934,,1519,1693,1359,,1527,,1552,1615,,,1725,,1588,,1824,1342,1790,1480,1228,,,2462,1520,1703,,,,1326,,1665,2198,,1708,,1389,,,,,1436,704,1405,,,,,1802,1358,,,2380,1714,,1933,2021,,1570,1302,1591,,,1558,1812,,,,1588,,,,1388,1439,,,,949,1677,,2191,,1432,1586,1337,,,1070,,,,,1631,,1789,1528,1303,,,1729,,,778,1214,1065,1448,,,,1614,,,1548,,,1689,,,1062,,1771,1470,1530,,,,1597,1836,,,1510,,1840,1364,1548,,,,1481,1878,877,,,,,1455,,,,1379,,1832,2070,1657,1649,,,,,1810,1648,1427,,,,,1782,1629,,,1948,,,,1362,,878,,,1728,1574,1469,1608,,,,,,,1613,1497,,1622,1625,,,,,1392,1768,,1743,2396,,1753,,,1262,,,1765,,,1612,,1791,1771,1349,,,,,,1595,,,,,,1349,,,,,,,1281,1420,2148,,,2066,,,1894,1875,,,1612,,1486,,1433,,1469,2488,,,,2448,,,1347,,1449,1389,1429,,1894,,,,,,,,,,,1522,1755,1424,,1932,1803,,,,1318,2141,1841,,1729,1783,2078,1508,1705,1171,,,1437,,,1353,1674,,,,,2226,,1472,1370,,1445,1036,1744,1263,,1720,,,1597,1659,,1549,1497,,,1760,,2028,1756,,1784,1767,,1521,1893,,1639,1690,1698,1985,,,,,,,1035,1562,1773,,,1231,2021,,1726,,,,,1727,,1629,,,,,1196,1781,,,1788,,1548,,,1869,1208
2002/07/01,1712,1163,,2170,1567,1494,,,,,2095,,,,1361,2168,2409,1663,1364,1553,1384,,1120,,1630,,,1750,1682,,2284,895,1756,1416,,1512,2128,1501,,,1717,,1694,,1620,,,,1606,,,,1614,,1385,1558,1696,1458,1433,,1856,,,,,,,,,1326,1893,,1405,,,1225,1388,,1343,,1257,,1567,,,,,,1514,2001,,,,1441,,1642,,,1967,1395,,,1860,1846,,1725,1529,,,,,,,,,1832,,,,,,,,1622,1493,1619,1146,1224,992,2262,1696,1917,,,,804,,,1446,,,,,,1773,,1334,,,1417,,1376,1666,1693,1413,,1699,,,,1090,,,1511,2229,1146,1591,,1485,,,1722,1582,1914,1399,1762,1327,,,,,,,1434,1846,1631,1414,1495,,1570,1415,,1713,,1424,,2171,1466,1569,,,1147,,1654,1762,,,,1373,,,,,,1321,,,926,1899,,,1674,1653,,,,,,1732,2377,,,,1503,,2061,1482,1691,,,,1553,,,,1531,1628,1771,,1920,,1506,1624,1381,,,,1635,1554,,,1786,,1432,,1939,,1813,1344,1299,,,2438,1524,1535,1679,,,1387,,,2261,,1711,,,,,,,1407,706,1402,,,,,1795,1276,,,2362,1663,1487,1972,1922,1610,1538,1367,1549,,,1516,1689,,,1335,1498,,,,,1469,,,,928,1626,,2157,,1515,1632,1398,,,1049,1671,,,,1466,,1899,1624,,,,1721,,1543,,1152,1158,1509,,,,1697,,1418,1463,,,1572,,,933,773,1547,1546,1500,,,,1742,1905,,,1398,,1826,1266,1603,,,,1559,2016,855,,,,,1384,,,,,,1779,2125,1682,1667,,,,,1780,1623,1368,,,1515,,1822,1617,,,2021,,,,1282,,900,,,1853,1703,1415,1443,,,,,,,1657,1565,,1728,1635,,,,,1618,1766,1773,1788,2351,,1729,,,1236,,,1944,,,1684,,1796,1731,1256,1148,,,,,1530,,,,,,,,,,,,1525,1477,1478,1955,1619,,1908,,,1823,1856,,1368,1635,,1536,,1394,,,2614,,,,2482,,,1238,,1532,1286,1462,,1906,,,,,,,,,,,1618,1614,1467,1530,1670,1742,,,,,2017,1881,,1657,1812,2116,1594,1751,1127,,,1274,,,1431,1665,,,,,2220,,1517,1595,,1533,1067,1554,1270,,1658,,,1558,1613,,1513,1401,,,1883,,1896,1616,,1821,1546,,1650,2029,1320,1518,1660,1643,2061,,,,,,1715,940,,1786,,,1325,2161,,1567,,,,,1714,,1680,,,,,,1845,,1821,1746,,1278,,,1921,1203
2003/07/01,1774,1098,,2152,1541,1428,,,,,2076,,,,,2163,2381,1620,1376,1526,1293,,979,,1673,,,1688,1684,,2303,971,1665,1311,,1459,2145,1412,,,1800,,1846,1358,1677,,,,1660,,,,1587,,,1846,1793,1613,1463,,1821,,,,,,,,,1421,1881,,1194,,,1214,1377,,1297,,1246,,1546,,,1577,,,1360,1966,,,,1618,,1685,,,1930,,,,1906,1852,,1774,1542,,,1701,,,,,,1817,1662,,1589,,,1519,,1606,1524,1655,1178,1141,912,2212,1660,1791,,,,969,,,1498,,,,,,2007,,,,,1484,,1578,1553,1755,,,1682,,,,1236,,,,2330,1109,1656,,1556,,,1650,1646,1910,1432,1768,1334,,,,,,,1359,1751,1521,,1505,,1530,,,1847,,,,2205,,1412,,,1155,,1702,1803,,,,1327,,,,,,1363,,,976,1772,,,1649,1805,,,,,,1487,2352,1484,,,1346,,2167,1504,1652,,,,1524,,,,1441,1759,1794,,2028,,1433,1688,1428,,,,1745,1626,,,1809,,,,1868,,1894,,1324,,,2542,1627,1529,1538,,,1626,,,2346,,1686,,,,,,,1426,755,1355,,,1469,,1847,,,,2452,1659,,1962,1727,1461,1452,1442,1411,1644,,1473,1840,,,1349,1401,,,,,1391,,,,883,1514,,2242,,1339,1517,1314,,,929,1556,,,,1438,,1802,1485,1340,,,1579,,1548,,1304,1180,1546,,,,1665,,1359,1428,,,1713,,1726,,766,1399,1444,1479,,,,1854,1825,1330,,1375,,1915,1069,1649,,,,1733,2025,891,,,,,1357,,,,,,1887,2200,1659,1561,,,,,1801,1678,1283,,,1429,,1894,1616,,,2090,,,,1245,,1001,,,1833,1673,1478,1441,,,,,,,1513,1618,,1787,1509,,,,,1575,1800,1655,1734,2498,,1633,,,1169,,,1959,,,1617,,1785,1912,1314,,,,,,1489,858,,,,,,,,,,,1425,1435,1537,1870,1465,,1797,,1194,1518,1873,,1329,1583,,1529,,1498,,,2479,,,,2394,,,,,1614,,1417,,1995,,,,,,,,,,,1528,1654,1335,,1633,1572,,,,,2058,2040,,1689,1840,2090,1707,1517,1117,,,1112,,,1534,1735,,1248,,,2227,,1564,1630,,1647,998,1499,1272,1340,1561,,,1514,1636,,1576,1272,1429,,1911,,1819,1712,,1958,1661,,1560,1981,1382,1680,1781,1592,2160,,,,,,1735,844,1600,1722,,,1468,2146,,1488,,,,,1682,,1699,,,,,1213,1979,,1887,1636,,1460,,,1935,1313
2004/07/01,1744,1103,,2162,1614,1536,,,,,1910,,,,,2228,2410,1675,1497,1463,,,864,,1783,,,1794,1673,,2250,952,1752,1383,,1424,2188,,,,1661,,1678,1324,1666,,,,1648,,,,1577,,,1702,1725,1575,1504,,1822,1166,,,,,,,1267,1365,1887,,,,,1339,1361,,1295,,1264,,1503,,,1628,,,1522,2053,,,,1591,,1729,,,1945,1405,,,1792,1909,,1779,1625,,,1605,,1209,,,,1655,1704,1372,1545,,,1609,,1573,1496,1707,1275,1046,854,2059,1770,1796,,,,1047,,,1504,,,,,,2096,,,,,1417,,1468,1613,1530,,,1779,,,,1099,,,1396,2427,1039,1591,,1636,,,,1610,1928,1382,1731,1346,,,,,,,1498,1666,1443,,1518,,1386,,,2016,,,,2323,,1482,,,1266,,1596,1912,,,,1295,,,,,,1428,1298,,908,1850,,,1739,1874,,,,,,1656,2341,1710,,1425,1402,,2191,1365,1803,,,,1542,,804,,,1663,1807,,1950,,1425,1715,1480,,,,1777,1736,,,,,,,1916,1468,1871,,1204,,1282,2569,1734,1520,1648,,,1715,,,2465,,1511,,1486,,1442,,,1454,855,1380,,,1538,,1839,,,,2417,1684,,1980,1683,1424,1437,1438,1468,1587,,1409,1730,,,1365,1524,,,,1729,1448,,,,888,1506,,2226,,1354,1429,1256,,,1044,1523,,,,1542,,1606,1358,,,,1588,,1598,,1292,1226,1741,,,,1851,,,1472,,,1766,,,,784,1302,1327,1450,,,,1836,1656,1570,,1377,,1881,1018,1773,,,,1710,2080,809,,,,,1341,,1448,,,,1800,2150,1732,1577,,,,,1692,1791,1251,,,1458,,1942,1576,,,2110,,,,1118,,961,,,1641,1687,1415,1300,,,,,,,1593,1675,,1615,1433,,,,,1594,1916,1584,1727,2486,,1635,,,1069,,,2048,,,1718,,1638,1812,1416,,,,,,1583,850,,,,,,,,,,,1455,1618,1532,1904,1392,,1653,,,1354,1815,,1323,1529,,1509,,1424,,1328,2505,,,,,1306,,1252,,1676,,1418,,1995,,,,,,,,,,,1576,1744,,,1504,1436,,,,1314,1983,1943,,1797,1951,2147,1829,1589,1156,,,,1402,,1449,1890,,,,,2191,,1328,1433,,1841,1011,1477,1216,1399,1642,,,,1658,,1534,1209,1313,,2009,,1806,1525,,1899,1656,,1474,1935,1373,1771,1764,1612,2232,,2374,,,,1533,985,1541,1731,,,1687,2182,,1156,,,,,1744,,1706,,,,,1179,2047,,2024,1646,,1498,,,1946,1218
2005/07/01,1760,1217,,2161,1652,1708,,,,,2010,,,,,2150,2423,1664,1473,1478,,,843,,1854,,,1843,1524,,2184,,1634,1394,,1439,2254,,,,1826,,1644,,1504,,,,1772,,,,1491,,1326,1707,1605,1546,1584,,1965,,,,,,,,,,1779,,,,,1462,,,,,,,1441,,,1580,,,1529,1925,,,,1488,,1701,,,1906,1408,,,1909,1843,,1799,1611,,,1485,,,,,,1658,1766,,,,,1508,,,1631,1613,1281,,858,2028,1690,1829,,,,1100,,,1562,,,,,,2193,,1273,,,,,1443,1586,,1476,,1780,,,,1087,,,,2427,899,1652,,1506,,,1753,,1967,1382,1667,1257,,,,,,,1535,1714,1493,,1605,,1379,,,1935,,,,2335,,1607,,,1302,,1759,1839,,,,1155,,,,,,1398,,,,2018,,,1742,1727,,,,,,1653,2449,,,,1205,,2244,,1717,,,,1488,,,,,1601,1702,,2052,,1242,1618,1499,,,,1641,1846,,,,,,,1989,1351,1751,,1112,,1313,2651,1597,1545,1662,,,1694,,,2502,,1463,,,,,,,1524,964,,,,1466,,2008,,,,2478,1625,,2064,1800,1427,1508,1640,,1514,,1425,1741,,,,1557,,,1541,,,,,,,1663,,2289,,,,,,,979,,,,,1673,,1510,,,,,1642,,1599,,1345,1099,1662,,,,1798,,,,,,1756,,,,901,1278,,1530,,,,1818,1798,1698,,1477,,1938,1022,1716,,,,1751,2031,719,,,,,1329,,,,,,1989,2106,1666,1561,,,,,1833,1781,1184,,,1444,,2002,,,,1959,,,,1273,,957,,,1633,1616,,,,,,,,,1585,1670,,1490,,,,,,1698,1840,,1733,2560,,1822,,,1172,,,2094,,,1629,,1748,1919,1356,,,,,,1389,,,1433,,,,,,,,,1282,1728,1500,1871,,,1498,,,959,1803,,,1521,,1589,,,,,2421,,,,,,,,,1663,,1328,,1938,,,,,,,,,,,1640,1790,,1440,1378,,,,,,2070,2065,,1760,1937,2065,1853,1766,1326,,,,,,1377,1815,,,,,2236,,1383,1664,,1996,1050,1512,,,1407,,,,1621,,1535,1131,,,1882,,1902,1478,983,1891,1612,,1531,1874,,1841,1734,1648,2193,,2380,,,,1410,998,,1749,,,1540,2119,,1070,,,,,1695,,1848,,,,,,1890,,2031,1743,,1374,,,2152,1216
2006/07/01,1963,1104,,2087,1613,1734,1128,1670,1423,957,2118,,,1297,1514,2130,2494,1658,,1502,1409,1403,934,,1952,,,1672,1592,,2242,1108,1390,1440,,1376,2314,1465,1228,945,1758,,1742,1324,1334,1287,1272,,1793,,,1457,1527,1649,1382,1678,1685,1721,1520,,1816,1285,,,1428,,,1461,,1348,1877,,1159,1281,785,1404,1402,,1256,,1095,1623,1611,,,1529,1568,,1537,1843,1330,,,1549,1140,1746,1043,,1924,1376,,,1863,1763,,1854,1366,1254,,1639,,1330,1377,,,1714,1942,1416,1516,,,1445,,1670,1700,1483,1282,,860,1938,1839,1906,,1160,1516,1006,1675,1305,1570,1223,,1390,,,2194,,1269,,,1272,,1350,1576,,1578,,1813,,1344,,1043,,1339,1600,2356,,1694,,1522,1286,,1775,1386,2001,1438,1921,1282,1006,,,,1454,,1771,1750,1433,1341,1554,1226,1482,1480,1187,1838,,1411,1349,2365,1643,1440,,,1290,,1774,1792,,,,1063,,,,,,1407,1202,1577,,1921,,,1836,1834,1644,,1480,,,1541,2514,1659,1075,1369,1048,1183,2201,1563,1654,,,,1555,,863,,1648,1514,1714,,2000,,1220,1532,1708,1253,1572,,1729,1891,,,2099,,1470,,,1320,1861,1438,1059,,1338,2736,1417,1518,1765,,1333,1560,905,,2525,,1443,,1454,,1458,,,1553,1019,1486,,,1567,1295,1953,1163,1452,,2393,1701,1238,2063,1739,1557,1534,1562,1499,1723,,1414,1738,,1258,1527,1576,,,1644,,1349,,,,871,1603,,2190,,,1391,,,,984,1504,1205,1116,,1722,,1588,1256,1332,1480,1174,1556,,1730,1114,1304,1054,1590,,1179,1363,1902,1169,1495,1555,1180,,1844,,1337,823,886,1360,1529,1653,,1442,,1893,1810,1695,,1515,1328,2000,1084,1655,,,,1786,2214,717,2002,1538,,,1409,1218,1637,,1399,,2089,2030,1732,1570,,,,,1720,1910,1246,,1525,1482,1266,2073,1595,,974,1963,1315,,1378,1298,,777,1185,,1675,1646,1352,1471,1328,,,,,,1659,1620,1043,1588,1453,,,,,1747,1841,1496,1844,2570,,1698,1341,,1197,,,2129,,,1688,,1636,1899,1274,1299,,1176,,,1231,,,1368,,,,,,,,,1448,1683,1489,1865,1398,,,683,1275,1256,1563,,1529,1455,,1620,,1459,1326,1399,2368,1042,1586,,,1431,,1233,,1754,,1280,,2035,,,1000,,,,681,1723,,1225,1731,1660,1366,1568,1388,1149,,,,1270,2174,2095,,1761,1910,2005,1758,1805,1162,,1564,,1558,,1401,1638,1432,1447,,1300,2146,1434,1294,1689,,1997,890,1479,1189,1401,1299,,1427,1405,1591,1366,1517,1126,1478,,1747,,1920,1452,957,1868,1736,,1502,1788,1340,1864,1677,1722,1952,1289,2415,,1240,,1462,1170,1510,1863,,996,1414,2220,,,,,1407,1032,1679,,1881,958,,1381,1521,1399,1791,,2066,1548,1517,1090,1244,1356,2174,1203
2007/07/01,1990,1132,,2194,1593,1815,1216,1613,1428,935,1979,,,1021,1465,2244,2409,1444,,1437,1381,1366,903,,1957,,,1524,1559,307,2238,1162,1548,1445,,1439,2358,1543,1314,,1733,,1705,1187,,1543,1125,,1695,,,1464,1583,1504,1539,1846,1737,1749,1553,,1846,1322,,,1236,,,1217,1038,1403,1868,,1200,1389,852,1277,1480,,1286,,1068,1421,1531,,,1503,1599,1413,1382,,1377,,,1753,1070,1802,1323,,1794,1441,,,1833,1727,,1864,1337,1320,,1464,,1315,1315,,,1729,1891,1405,1486,,,1336,,1719,1671,1435,1416,,990,2064,1837,2018,,1040,1510,1166,1760,1341,1495,1156,,1179,,,2283,,,,,1431,277,1373,1483,,1593,,1857,,1453,,1088,,1226,1563,2261,,1922,,1643,1201,,1860,1185,2005,1505,2024,1084,1101,,,,1268,,1617,1821,1479,1229,1574,1210,1453,1423,1023,1784,,1290,1489,2186,1489,1355,,,1207,,1690,1785,,,,1094,,,,,,1487,1081,1506,,2091,,,1776,1719,1609,,1477,,,1484,2676,1635,1052,1378,1081,1158,2261,1578,1714,,,,1556,,1011,,1493,1762,1650,,2073,,1110,1753,1557,1103,1424,,1495,2004,,1436,2033,,1365,,,1527,1915,1342,990,,1382,2698,1258,1437,1750,,1144,1531,966,,2621,,1501,,1452,,1353,,,1628,959,1439,,,1498,1127,2058,1163,1345,,2510,1587,1211,2188,1765,1651,1373,1599,1396,1751,,1465,1824,,1326,1525,1635,,,1522,1807,1532,1058,,,916,1529,,2092,,,1408,1374,,,907,1492,1145,,,1763,,1572,1212,1420,1510,1183,1674,,1723,1267,1275,965,1700,,1006,1334,1901,1147,1525,1600,1361,,1936,,1382,703,928,1425,1614,1611,,1373,,1886,1840,1708,,1366,1316,1979,,1588,,,,1771,2131,793,2051,1618,1408,,1665,1358,1807,,1392,,1958,1899,1782,1520,,,,,1794,1802,1271,,1265,1542,1235,2103,1605,,1142,2027,1381,1373,1304,1203,,819,1095,,1622,1688,1286,1559,1310,,,,,,1741,1750,1029,1661,1441,,,,,1794,1953,1510,2002,2519,,1668,1517,,1165,,,2096,641,,1601,,1548,1765,1236,1234,,1208,,,1292,801,,1472,,,,,,,,,,1676,1316,1961,1395,,,729,1164,1386,1639,,1567,1531,,1737,,1518,1250,1570,2295,870,1522,,,1460,,1067,,1807,,1329,,2090,,,1072,,,,,1752,,1318,1712,1659,1448,1602,1497,957,,,,1387,2186,1939,,1749,1933,2043,1657,1903,1219,,1541,,1685,,1285,1731,1255,1440,,1339,2114,1607,1360,1649,,2049,1051,1349,1277,1437,1421,,1332,1545,1592,1305,1451,1002,1454,,1856,,1899,1492,774,2000,1887,,1528,1795,1410,1853,1758,1483,1841,1373,2401,,1211,,1613,1220,1672,1835,,954,1334,2142,,,,,1392,1052,1699,,1886,964,1683,1196,1500,1571,1801,,2023,1632,1649,963,1250,1178,2202,1093
2008/07/01,2040,1132,,2248,1546,1780,1421,1570,1561,1014,1968,,,997,1460,2399,2435,1483,,1495,1347,1527,942,,1953,,,1639,1603,,2165,1292,,1402,,1509,2179,1546,1354,,1759,,1648,1196,,1561,1178,,1684,,,1219,1511,1636,1488,1834,1491,1568,1712,,1913,1613,,,1356,,,1012,1014,1380,1909,,1294,1364,748,1200,1451,,1318,,1119,1279,1598,,,1544,1600,1360,1499,,1423,,,1689,1061,1816,1253,,1856,1530,,,1719,1822,,1949,1346,1309,,1683,883,1192,1176,,,1636,1923,1444,1657,,,1355,,1668,1600,1586,1371,,1171,2002,1876,2103,,1015,1064,1155,1703,1289,1566,1032,,1077,,,2336,,,,,1444,,1395,1580,,1515,,1761,,1374,,1211,,1192,1580,2041,,2019,,1723,1076,,1742,972,2026,1653,2139,882,1080,,,,1212,,1767,1787,1380,1150,1480,974,1599,1539,965,1822,,1391,1534,2190,1536,1298,,,1157,,1765,1809,,1150,,1039,,,,,,1470,1209,1571,,2248,,,1649,1946,1312,,1544,,,1233,2604,1759,1065,1219,1280,1289,2556,1626,1642,,,,1460,,982,,1590,1837,1650,,2086,,1110,1546,1313,1141,1391,,1516,1842,,1283,1999,,1203,,,1682,1782,1250,916,,1354,2619,1263,1612,1784,,1246,1623,954,,2643,,1393,,1467,,1310,,,1633,956,1560,,,1238,1141,1992,1046,1271,,2582,1756,1071,2099,1902,1578,1332,1679,1498,1743,,1456,1671,,1282,1490,1514,,,1423,,1545,1078,,,,1603,,2186,,,1492,1480,,,813,1398,1198,,,1828,,1586,1416,1392,1377,1059,1750,,1608,1269,1301,1076,1687,,895,1335,1986,1103,1602,1635,1381,,2069,,1347,817,1021,1381,1575,1374,,1199,,1727,1855,1941,,1474,1118,1836,1066,1620,,,,1897,2117,785,2176,1533,1387,,1745,1316,1928,,1472,,2094,1956,1759,1467,,,,,1741,1968,1212,,1144,1606,1362,2071,1566,,1324,1853,1442,,1206,,,834,1082,,1647,1627,1309,1588,1403,,,,,,1648,1671,1046,1871,1359,,,,,1753,1925,1587,2088,2571,,1756,1403,,1203,,,2023,671,,1569,,1515,1857,,1311,,1280,,,1189,787,,1574,,,,,1028,,,,,1802,1207,1933,1238,,,,1332,1452,1567,,1450,1492,,1770,,1625,,1574,2215,,1518,,,1210,,899,,1871,,1433,,2015,,,1201,,,,,1654,,1255,1601,1606,1547,1554,1501,981,,,,1235,2059,2055,,1661,2000,2123,1778,2030,1127,,1580,,1780,,1310,1805,995,1476,,1263,2127,1576,1153,1565,,2036,1265,1466,1303,1440,1488,,1320,1454,1584,1311,1488,965,1564,,1842,,2032,1477,784,2019,1892,,1729,1748,1477,1976,1852,1596,1951,1312,2408,,1264,,1748,1106,1392,1797,,1010,1362,2239,,,,,1233,,1714,,1850,,1815,1167,1474,1606,1762,,2000,1555,1799,,1082,1201,2125,1017
2009/07/01,2000,905,,2149,1418,1626,1426,,1420,949,1875,,,,1457,2480,2386,1546,,1469,1330,1589,824,,1909,,,1626,1708,352,2255,1265,,,,1590,2328,1446,1343,,1819,,1705,1361,,1622,,,1548,,,935,1536,1428,1742,1831,1568,1497,1543,,2000,1672,,,,,,993,1081,1553,1873,,1235,1284,823,1069,1474,,1367,,1130,1198,1555,,,1632,1487,,1434,,1545,,,1590,1173,1759,1241,,1996,1618,,,1791,1873,,1827,1409,1238,,1519,1011,1271,1099,,,1521,2037,1388,1711,,,1266,,1661,1649,1753,1404,,1252,2022,1806,2247,,950,821,984,1751,1251,1554,1259,,,,,2170,,,,,1509,,1466,1466,,1482,,1737,,1359,,1240,,1214,1635,1935,,1999,,1771,1005,,1869,912,2041,1569,2211,961,1091,,,,1296,,1759,1699,1206,,1529,,1676,1558,981,1853,,1369,1560,2082,1602,1405,,,1025,,1613,1829,,1312,,925,,,,,,1495,1102,1594,,2178,,,1815,1972,1244,,1473,,,1238,2699,1710,1183,1201,1472,1226,2670,1606,1593,,,,1463,,910,,1546,1824,1759,,2044,,1080,1609,1442,,1309,,1293,1920,,1157,2099,,1115,,,1520,1734,1194,1078,,1411,2537,1334,1708,1814,,1250,1779,,,2632,,1214,,1475,,1237,,,1731,1151,1702,,,1151,1104,2129,998,1219,,2569,1821,1038,2168,1946,1580,1340,1791,1550,1729,,1498,1578,,1025,1496,1340,,,1399,,1610,1054,,,932,1455,,2238,,,1431,1450,,,787,1466,,,,1980,,1504,1440,1276,1189,1052,1902,,1548,1358,1313,961,1550,,895,1345,2020,1080,1746,1584,1216,,2218,,1239,850,1006,1429,1359,1330,,1258,,1590,1946,1951,,1293,983,1972,983,1639,,,,1955,2124,752,2305,1557,1247,,1754,1202,1993,,1454,,2004,1783,1712,1359,,,,,1992,1976,1282,,1174,1708,1369,2036,1610,,1401,1758,1458,1246,1276,,,879,1108,,1741,1700,1308,1607,1157,,,,,,1760,1810,,1960,1476,,,,,1822,1980,1568,2275,2606,,1877,1478,,1307,,,2026,,,1620,,1549,1812,1207,1439,,1245,,,1342,755,,1769,,,,,1008,1666,,,,1809,1183,1929,1211,,,,1411,1422,1619,,1452,1700,,1709,,1578,1084,1674,2174,890,1579,,,1345,,,,1799,,1303,,1981,,,1177,,,,1030,1727,,1301,1506,1634,1486,1380,1480,843,,,,1069,2106,2102,,1593,2012,2025,1604,1911,1105,,1701,,1761,,1187,1683,832,1460,,1118,2087,1530,1122,1548,,2146,1228,1567,1379,1340,1396,,1370,1402,1683,1347,1461,1119,1521,,1802,,2018,1563,1049,1989,1695,,1770,1816,1376,2048,1904,1709,2071,1249,2442,,1105,,1866,1096,1393,1842,,1123,1361,2189,,,,,1048,,1564,,1753,1131,1846,1253,1523,1619,1766,,1945,1706,1727,,1071,1008,2128,941
2010/07/01,1953,1019,,2133,1423,1615,1370,,,,1766,,,992,1332,2559,2524,1408,,1643,1343,1513,885,,1988,,,1664,1591,,2310,1348,,,,1707,2368,1503,1357,,1902,,1678,1303,,1696,,,,,,1001,1570,1251,1896,1922,1565,1566,1575,,2086,1804,,,1200,,,954,,1451,1868,,1318,1205,1019,993,1463,,1217,1323,1171,1374,1601,,,1746,1400,,1264,,1637,,,1720,1103,1685,1151,1423,2057,1622,,,1754,1943,,1976,1460,1187,,1669,957,1253,1332,,,1456,2027,1194,1573,,,1380,,1465,1807,1671,1502,,1243,2111,1917,2307,,958,702,859,1659,1303,1759,1359,,,,,2181,,,,,1428,,1637,1445,,1577,,1750,,1269,,1182,,1359,1660,1857,,2174,,1790,1061,,1845,849,2177,1467,2207,1070,1030,,,,1263,,1851,1693,1376,,1560,957,1633,1532,,1846,,1391,1611,2132,1498,1554,,,850,,1673,1719,,1427,,845,,,,,,1486,1155,1619,,2178,,,1807,1733,1115,,1554,,,1392,2642,1704,1093,1173,1375,1148,2734,1714,1559,,,,1511,,,,1555,1837,1729,,2193,,1169,1638,1523,,,,1464,1843,,988,2197,,1100,,,1362,1890,1193,1112,,1365,2550,1315,1720,1844,,1373,1809,,,2651,,1061,,1544,,1263,,,1838,1231,1608,,,965,,2017,985,1238,,2479,1850,1054,2108,2035,1631,1393,1648,1439,1822,,1534,1641,,822,1477,1357,,,1310,,1452,1047,,,,1567,,2219,,,1272,1377,,,,1462,,,,1991,,1457,1294,1250,1185,1114,1981,,1608,1506,1381,1001,1588,,1074,1187,1858,961,1678,1602,,,2204,,1167,768,960,1466,1407,1286,,1069,,1760,1987,2037,,1095,1017,1872,1116,1332,,,,1969,2176,,2272,1388,,,1631,1084,1971,,,,1894,1868,1636,1458,,,,,2043,2013,1285,,1091,1629,1516,1916,,921,1290,1748,1329,,1256,899,,,,,1662,1879,1378,,970,,,,,,1732,1760,,1913,1388,1011,1471,,,1859,2060,1552,2366,2583,,1841,1344,,1392,,,2036,,,1571,,1596,1879,,1425,,1156,,,1421,,,1967,,,,,989,1659,,,,1785,1183,2023,1085,,,,1264,1373,1626,,1439,1575,,1626,,1721,1229,1728,2240,974,1701,,,1374,,,,1792,,1162,,1878,,,1129,,,,1220,1735,,1254,1526,1657,1727,1386,1387,,,,,954,2023,1841,,1700,1906,2036,1543,1959,1256,,1803,,1795,,1087,1605,,1305,,1087,1960,1525,1240,1675,,2189,1149,1466,1354,1480,1418,,1284,1412,1569,1371,1528,942,1497,,1675,,2107,1568,1105,1945,1784,,1784,1844,1434,2060,1986,1812,1994,,2336,,1036,,1927,1169,1525,1712,,1156,1459,2214,,,,,975,1026,1538,,1644,939,1711,1083,1419,1803,1896,,1953,1803,1791,,,1069,2169,943
2011/07/01,1804,1075,,2187,1366,1484,1385,,,,1775,,,873,1136,2713,2579,1433,,1731,1303,1453,756,,2002,,,1609,1655,,2300,1428,,,,1580,2334,1395,1346,,1863,,1766,1201,,1720,,,,,,924,1602,1100,1984,1781,1530,1693,1607,,2042,1944,,,1067,,,961,,1474,1796,,1506,1259,1024,1033,1460,,1173,1356,1072,1186,1402,,,1816,1522,,1091,,1684,,,1863,1056,1668,1267,1363,2013,1595,,,1902,1923,,2035,1478,1151,,1623,1062,1104,1224,,,1540,2176,1113,1619,,,1353,,1278,1788,1580,1592,,1099,2289,1986,2372,,,689,731,1570,,1697,1318,,,,,2293,,,,,1521,,1532,1694,,1477,,1756,,1188,,1089,,1213,1742,1654,,2214,,1723,1065,,1879,785,2096,1492,2071,1031,983,,,,1439,,1740,1811,1458,,1510,989,1593,1518,,1851,,1200,1690,2075,1494,1558,,,,,1719,1675,,1508,,805,,,,,,1419,1170,1648,,2032,,,1655,1752,1059,,1548,,,1283,2565,1638,1049,1135,1427,1208,2631,1743,1404,,,,1608,,,,1507,1930,1702,,2070,,1134,1561,1597,,1194,,1570,1936,,,2125,,1098,,,1491,1934,1202,1053,,1556,2625,1265,1866,1948,,1422,1784,,,2454,,1106,,1604,,1304,,,1715,1279,1699,,,899,,1928,1058,1221,,2503,1826,1174,2187,2183,1810,1333,1606,1507,1840,,1567,1659,,831,1441,1450,,,1330,,1684,,,,918,1481,,2373,,,1203,1376,,,,1572,,,,2010,,1410,1378,1356,1212,1055,1943,,1666,1482,1493,,1691,,1016,949,1887,912,1719,1607,,,2349,,1072,816,953,1299,1508,1161,,,,1738,2015,1867,,1248,1231,1834,1191,1306,,,,2063,2272,,2277,1415,,,1616,1092,1978,,,,2054,1967,1734,1440,,,,,2108,2067,1241,,991,1525,1435,1764,,970,1300,1865,1203,,1259,,,,,,1620,1956,1445,,846,,,,,,1717,1723,,1908,1346,1095,1629,,,1825,2033,1383,2418,2564,,1910,1286,,1307,,,2016,,,1358,,1777,1956,1222,1159,,1162,,,1298,,,2057,,,,,965,1689,,,,1893,1213,2006,1068,,,1040,1182,1348,1555,,1606,1497,,1684,,1630,1383,1747,2163,929,1682,,,1344,,,,1784,,1171,,1795,,,,,,,1020,1700,,1270,1666,1412,1803,1379,1331,,,,,901,2111,1998,,1558,1863,2013,1605,1961,1432,,1814,,1880,,1046,1758,,1513,,1007,1971,1374,1239,1674,,2154,1243,1583,1381,1297,1415,,1385,1555,1599,1315,1628,,1397,,1825,,2032,1646,1021,1942,1743,,1826,1999,1375,1941,1800,2051,1947,1043,2442,,1022,,1919,1143,1443,1660,,1160,1487,2267,,,,,939,1118,1677,,1820,1191,1528,1005,1325,1879,1870,,1927,1656,1717,1004,,1058,2209,845
2012/07/01,1852,1131,,2329,1327,1463,1230,,,,1739,,,,1167,2610,2610,1400,,1677,1276,1622,718,,2071,,,1552,1592,,2300,1423,,,,1601,2314,1426,1512,,2056,,1776,1152,,1597,,,,,,941,1622,1235,1901,1763,1412,1598,1535,,2045,1817,,,,,,904,1097,1427,1850,,1677,1308,1174,896,1575,,1082,1360,990,1303,1444,1238,,1834,1523,,,,1609,,,1693,898,1820,1250,1200,2182,1640,,,1893,1933,,2019,1366,1194,,1562,,978,1001,,,1489,2284,1091,1627,,,1322,,1101,1595,1700,1541,,,2425,1875,2459,,,848,785,1424,,1657,1382,,,,,2207,,,,,1455,318,1557,1480,,1554,,1714,,1192,,1072,,1075,1768,1668,,2126,,1837,1078,,1796,778,2039,1529,2119,1034,956,,,,1351,,1658,1904,1532,,1439,1015,1534,1473,,1837,,1345,1766,1894,1304,1483,,,,,1896,1621,,1398,,847,,,,,,1383,1118,1761,,1998,,,1416,1746,954,,1473,,,1181,2493,1685,1015,1066,1445,,2628,1699,,,,,1692,,869,,1460,1753,1603,,2006,,1019,1445,1513,,1136,,1628,1987,,,2212,,1118,,,1429,1989,,905,,1599,2541,1316,1871,1997,,1500,1717,,,2583,,1116,,1527,,1413,,,1846,1474,1827,,,795,,1892,979,1120,,2524,1871,1189,2253,2230,1784,1497,1572,1522,1898,,1738,1743,,936,1342,1615,,,1352,,1696,,,,836,1551,1866,2381,,,1253,1477,,,,1636,,1063,,1886,,1683,1203,1277,,,2125,,,1471,1629,,1743,,832,957,2021,852,1732,1682,,,2424,,902,,,1259,1520,1267,,,,1835,2093,1800,,1162,1351,1687,1173,1216,,,,2102,2240,,2246,1346,,,1661,,2008,,,,1854,1936,1825,1360,,,,,2014,2077,1233,,969,1573,1459,1992,,989,1236,1882,1079,1252,1263,896,,905,,,1665,1969,1501,,875,,,,,,1747,1883,,1954,1362,1201,1716,,,1917,2093,1341,2465,2583,,1787,1328,,1485,,,2019,,,1375,,1816,2120,1224,1217,,1208,,1149,1021,,,2008,,,,,1051,1633,,,,1872,1151,2131,1035,,,1083,1237,1369,1662,,1514,1523,,1687,,1852,1267,1772,2122,950,1791,,,1231,,,,1808,,1105,,1542,,,,,,,1108,1687,,1187,1633,1277,1825,1510,1374,,,,,909,2201,2140,,1522,1947,1818,1535,2001,1432,,1911,,1797,,,1844,816,1537,,1053,2114,1557,,1545,,2277,1250,1479,1473,1364,1513,,1244,1428,1545,1292,1559,,1380,,1853,,1969,1556,1091,1934,1600,,1886,1981,1396,2014,1803,2208,1866,1191,2522,,926,,1851,979,1590,1701,,1030,1417,2233,,,,,993,1161,1632,,1747,1132,1411,1142,1450,1890,1878,,1957,1546,1911,,889,1045,2071,948
2013/07/01,1865,1147,,2299,1334,1271,1281,,,,1832,,,,1264,2567,2694,1293,,1696,1464,1714,737,,2149,,,1686,1605,,,1453,,,,1621,2437,1353,1485,,2018,,1657,1100,,1528,,,,,,970,1512,1161,1868,1842,1495,1656,1403,,1999,1872,,,,,,910,970,1453,1896,,1548,1273,1278,796,1602,,1088,1387,904,1280,1580,1110,,1845,1673,,,,1769,,,1571,931,1838,1290,1127,2293,1608,,2326,1936,1964,,2095,1352,1075,,1529,1234,,850,,,1510,2107,1351,1663,,,1328,,,1499,1689,1555,,,2281,1857,2391,,,927,812,1620,,1555,1408,,,,,2310,,,,,1472,,1397,1626,,1522,,1721,,942,,1082,,1023,1802,1427,,2093,,1796,1039,,1756,761,2183,1621,2196,890,1006,,,,1381,,1612,1831,1740,,1353,,1377,1441,,1746,,1404,1787,1983,1397,1570,,,,,1996,1671,,1620,,747,,,,,,1505,1131,1782,,1902,,,1383,1683,805,,1401,,,1178,2481,1683,875,1054,1342,,2635,1672,,,,,1730,,,,1381,1677,1746,,2162,,962,1549,1608,,1118,,1754,2053,,,2268,,1133,,,1327,2106,1219,902,,1510,2734,1308,1824,1998,,1466,1672,,,2514,,1179,,1287,,1394,,,1891,,1841,,,813,,2010,973,1178,,2408,1919,1186,2298,2174,1875,1495,1624,1609,1951,,1580,,,1091,1326,1680,,,1202,,1787,1029,,,,1372,1935,2533,,,1231,1679,,,,1720,,,,1918,,1743,1142,1260,,,2081,,,1408,1629,,1797,,794,1124,1874,872,1750,1693,,,2416,,857,,,1260,1501,1273,,,,1865,2115,1837,,1080,1364,1900,1114,1313,,,,2127,2094,,2157,1449,,,1662,,2230,,,,1921,2040,1840,1355,,,,,1831,2176,1181,,1043,1658,1461,1954,,1104,1181,1890,871,,1147,920,,,,,1632,2039,1688,,928,,,,,,1800,1728,,1728,1102,1128,1795,,,2022,2150,1168,2596,2636,,1844,1250,,1342,,,1882,,,1351,,1913,2041,1179,1244,,1386,,1073,842,,,2012,,,,,1278,1641,,,,1715,1240,1992,1105,,,,1373,1289,1499,,1213,1417,,1702,,1734,1188,1723,2198,912,1915,,,1235,,,,1919,,1142,,1621,,,,,,,997,1566,,1381,1606,1212,1827,1386,1340,,,,,925,2257,2075,,1562,1804,1849,1570,1907,1339,,1859,,1823,,,1930,792,1443,,1042,2060,1422,,1661,,2290,1227,1508,1498,1240,1452,,1107,1384,1645,1167,1584,,1407,,1669,,1916,1562,,2060,1668,,1920,2114,1446,2075,1851,2392,1910,1345,2310,,1013,,1654,1151,1683,1800,,890,1410,2200,,,,,904,1179,1602,,1715,1268,1487,1068,1459,1948,1752,,1708,1679,1769,,,972,2188,857
2014/07/01,1772,975,,2280,1287,1235,1244,,,,1786,,,856,1266,2804,2664,1204,,1672,1554,1593,762,,2103,,,1806,1824,,,1522,,,,1547,2471,1310,1498,,2072,,1676,1318,,1495,,,,,,991,1552,1215,1825,1733,1506,1602,1503,,2093,1956,,,,,,864,,1526,1945,,1612,1270,1319,784,1539,,1072,1345,886,1392,1483,1204,,1704,1580,,1096,,1566,,,1643,859,1926,1276,1062,2369,1663,,2262,1833,1952,,2024,1227,966,,1465,1288,,819,,,1633,2090,1406,1588,,,1346,,,1569,1646,1424,,,2316,1702,2388,,955,958,850,1451,1020,1671,1334,,,,,2398,,,,,1500,,1407,1600,,1463,,1745,,1000,,1040,,,1705,1371,,2156,,1696,990,,1747,,2201,1535,2276,925,892,,,,1543,,1560,,1726,,1346,,1249,1396,,1759,,1344,1862,2104,,1602,,,,,2029,1738,,1586,,708,,,,,,1356,1138,1804,,2044,,,1378,1669,709,,1468,,,1044,2387,1748,1072,950,1481,,2668,1703,,,,,1674,,,,1369,1634,1852,,2031,,863,1443,1541,,,,1865,2140,,,2425,,1209,,,1378,2133,1139,895,,1584,2801,1410,1845,1922,,1564,1698,,,2548,,1265,,1298,,1327,,,1942,,1868,,,704,,2018,1131,1040,,2327,1959,1266,2394,2228,1848,1435,1882,1610,1925,,1618,,,1187,1306,1842,,,1335,,1778,,,,804,1442,2019,2596,,,1389,1764,,,,1752,,,,1879,,1770,1271,1344,,,2158,,,1588,1654,,1825,,865,1217,2057,896,1810,1762,,,2166,,913,772,1004,1255,1499,1293,,965,,2040,2119,1813,,1230,1300,1727,1106,1367,,,,2205,2027,,2106,1415,1215,,1543,,2251,,,,1893,1966,1966,1464,,,,,1861,2123,1036,,1093,1641,1590,1992,,1102,1110,1896,,,1078,,,,,,1795,2001,1508,,911,,,,,,1779,1752,,1579,1091,946,1832,1870,,1888,2250,916,2402,2668,,1946,1098,,1137,,,2011,,,1346,,2061,1958,1140,1098,,1310,,1051,946,,,1965,,,,,1311,1644,,,,1679,1224,1971,1090,,,,1311,1135,1501,,1020,1405,,1654,,1727,,1735,2186,994,1711,,,1210,,,,1964,,1215,,1669,,,,,,,884,1595,,1440,1549,1122,1732,1354,1259,,,,,,2263,2301,,1547,1842,1933,1628,2043,1183,,1848,,1795,,,1806,911,1520,,1081,2032,,,1698,,2236,1150,1715,1354,1348,1449,1368,954,1298,1612,,1606,,1437,,1787,,2025,1579,,1988,1677,,1921,1989,1411,2004,1966,2356,1913,1539,2296,,1190,,1587,1272,1655,1699,,803,1555,2270,,,,,809,1137,1646,,1595,1220,1204,987,1418,1947,,,1700,1677,1680,,808,989,2261,924
2015/07/01,,970,,2190,1422,1304,1252,,,,1927,,,,1254,2778,2743,1027,,1728,1480,1366,834,,2154,,,1632,1843,,,1540,,,,1660,2301,1419,1438,,1978,,1745,1364,,1463,,,,,,1017,1528,1323,1695,1612,1343,1645,1539,,2206,1930,,,,,,884,,1512,1842,,1440,1310,1361,800,1394,,1110,1392,728,1394,1566,1154,,1775,1345,,1205,,1668,,,1667,736,2029,1263,1042,2397,1566,,2266,1915,1765,,1945,1219,1001,,1478,1438,829,816,,,1671,1952,1375,1560,,,1334,,,1658,1609,1322,,,2423,1700,2476,,969,1199,844,1505,977,1658,1296,,,,,2308,,,,,1527,,1464,1630,,1346,,1855,,848,,904,,,1612,1389,,2124,,1659,989,,1753,,2317,1576,2329,910,875,,,,1564,,1611,,1925,,1263,,1162,1428,,1748,,1113,1812,2057,,1459,,,,,2021,1860,,1767,,795,,,,,,1268,1113,1823,941,2081,,,1507,1791,,,1410,816,,,2514,1768,943,,1565,,2630,1483,,,,,1781,,785,,1447,1741,1883,,2133,,1024,1450,1516,,1053,2006,1737,1997,,,2403,,1214,,,1371,2113,1141,862,,1736,2903,,1942,1828,,1658,1681,,,2563,,1351,,1190,,1373,,,1913,,1869,,,833,,2093,978,920,,2316,1970,1352,2467,2026,1851,993,1967,1475,1769,,1716,,,1279,1262,1876,,,1383,,1615,1042,,,738,1513,2071,2605,,,1391,1727,,,,1761,,,,1828,,1857,1374,1229,,,2334,,,1645,1670,,1928,,879,1203,1878,925,1770,,,,2178,,809,846,1051,1244,1395,1351,,937,,2064,2159,1919,,1140,1280,1610,1127,1459,,,,2240,1965,,2027,1428,,,1564,,2180,,,,1916,2072,2056,1589,,,,,1859,2207,1115,,1113,1627,1565,1949,,1076,1080,1900,813,,932,,,,,,1892,1907,1467,,926,,,,,,1950,1603,,1487,1130,967,1958,2050,,1879,2211,1029,2406,2612,,1818,,,1206,,,2050,,,1467,,2122,2011,1121,1096,,1386,,1074,960,,,1932,,,,,1438,1430,,,,1681,1383,1992,1208,,,1055,1328,1132,1392,,1112,1301,,1637,,1746,,1726,2148,1013,1796,,,1038,,,,1934,,1307,,1589,,,1129,,,,970,1624,,1363,1449,973,1880,1360,1296,,,,,967,2298,2206,,1450,1918,2154,1640,1951,1175,,,,1815,,,1925,988,1565,,1179,2135,,,1654,,2207,1046,1796,1434,1533,1278,1346,966,1343,1484,,1465,,1630,,1697,,2095,1608,,2029,1619,,1937,2066,1301,2076,1943,2509,2018,1515,2301,,1215,1767,1553,1109,1546,1704,,707,1490,2315,,,,,,969,1711,,1552,1080,1203,994,1339,1927,,,1551,1547,1759,916,,,2255,930
2016/07/01,,1048,,2140,1408,1370,1289,,,,1884,,,904,1261,2856,2716,911,,1746,1358,,817,,2198,,,1654,2070,,,1491,,,,1765,2215,1561,1661,,2084,,1562,1175,,1586,,,,,,,1708,1181,1754,1707,1305,1718,1574,,2151,1964,,,,,,960,,1498,1888,,1485,1443,1543,742,1473,,1081,1401,670,1355,1479,1104,,1879,1161,,1328,,1520,,,1683,785,2140,1202,1060,2435,1560,,2362,1911,1893,,1927,1256,1177,,1502,1387,934,,,,1724,2089,1381,1298,,,1367,,,1734,1654,1340,,1112,2324,1769,2553,,1090,1249,,1689,857,1676,1354,,,,,2172,,,,,1495,,1442,1541,,1452,,1751,,831,,,,,1402,1492,,2142,,1534,893,,1692,,2224,1662,2319,866,883,,,,1684,,1583,,2143,,1231,,1229,1344,,,,1167,1908,2083,,1464,,,,,2076,1694,,1688,,742,,,,,,1247,1174,1798,936,2173,,,1490,1815,,,1236,838,,1060,2576,1731,815,,1487,,2629,1337,,,,,1793,,767,,1521,1773,1750,,2025,,937,1325,1398,,1029,1996,1725,1801,,,2496,,1087,,,1227,2128,1198,727,,1991,2974,1437,2147,1856,,1555,1580,,,2453,,1248,,1220,,1418,,,1900,,1997,,,869,,2004,998,867,,2308,2048,1317,2449,1997,1977,1055,2031,1515,1865,,1700,,,1157,1396,1608,,,1474,,1208,1062,,,706,1558,2043,2559,,,1403,1760,,,,1749,,,,1719,,2060,1453,1221,,,2435,,,1470,1508,,1930,,886,,1771,,1651,,,,2228,,788,770,992,1091,1357,1182,,917,,2140,2064,1871,,1112,1202,1409,1008,1410,,,,2289,1938,,2151,1244,1124,,1610,,2204,,,,2010,2090,1887,1670,,,,,1827,2215,1083,,1163,1547,1321,1957,,1048,1011,1956,771,1159,901,,,,,,1655,1784,1458,,837,,,,,,1996,1669,,1426,1176,1013,1872,2094,,1963,2287,876,2371,2650,,1765,1052,,1136,,,2143,,,1400,,2055,1933,1199,1101,,1413,,1114,,,,1908,,,,,1426,1430,,,,1607,1308,2197,1173,,,,1308,965,1347,,1156,1444,,1666,,1813,1102,1795,2120,990,1622,,,1094,,,,1770,,1368,,1591,,,1123,,,,990,1715,,1464,1533,,2008,1536,1565,,,,,968,2220,2322,,1534,2030,2234,1746,1823,1261,,,,1750,,,2065,1238,1615,,1020,2117,,,1562,,2386,1330,1992,1445,1537,1384,1509,947,1452,1475,,,,1626,,1681,,2060,1527,,1874,1512,,1998,2094,1334,1987,1908,2464,1901,1481,2366,,1253,1739,1498,1205,1610,1578,,631,1680,2330,,,,,,972,1629,,1564,1069,1190,1004,1261,1861,,,1655,1621,1937,,,,2352,758
2017/07/01,,1247,,2312,1433,1449,1240,,,,1699,,,,1254,2828,2761,904,,1781,1411,,,,2201,,,1694,2070,,,1482,,,,1768,2272,1571,1763,,2041,,1702,1301,,1434,,,,,,,1762,927,1814,1608,1282,1940,1436,,2108,1840,,,,,,921,,1429,1892,,1532,1474,1582,898,1471,,1172,1470,753,1453,1499,1197,,1765,966,,1515,,1594,,,1708,810,2043,1139,987,2449,1475,,2433,1862,1872,,1932,1171,1250,,1533,1336,871,796,,,1584,2165,1363,1088,,,1272,,,1723,1700,1275,,1044,2234,1606,2652,,1093,1239,778,1593,1050,1569,1270,,,,,2195,,,,,1510,,1430,1457,,1467,,1877,,919,,970,,,1430,1665,,2097,,1612,900,,1825,,2256,1749,2350,933,985,,,,1706,,1619,,2235,,1231,,1147,1527,,,,1362,1911,2077,,1332,,,,,2155,1488,,1817,,770,,,,,,,1131,1523,818,2042,,,1605,1809,682,,1249,764,,,2626,1714,826,,1463,,2690,1347,,,,,1814,,,,1468,1782,1693,,1879,,983,1223,1405,,,2109,1651,1791,,,2445,,999,,,1314,2127,1192,603,,1996,3027,1540,2156,1661,,1655,1406,,,2435,,1175,,1185,,1356,,,1792,,2102,,,693,,2059,1037,943,,2493,1963,1169,2608,2057,1995,1037,1999,1538,1970,,1632,,,1059,1491,1684,,,1520,,809,1058,,,703,1499,2080,2579,,,1380,1692,,,,1846,,,,1698,,1973,1309,1159,,,2342,,,1401,1609,981,1961,,,,1899,,1582,,,,2332,,736,,962,1200,1344,1145,,,,2283,1929,1779,,1091,1092,1400,1049,1351,,,,2344,1958,,2181,1171,,,1754,,2157,,,,1824,2063,1899,1690,,,,,1875,1980,1058,,1216,1663,1396,2063,,909,1124,1973,765,,846,,,,,,1633,1982,1514,,886,,,,,,1965,1596,,1407,1181,913,1725,2160,,1972,2268,793,2263,2565,,1627,,,1188,,,2118,,,1429,,1939,1836,,,,1506,,1249,1180,,,2035,,,,,1428,1512,,,,1584,1366,2199,1108,,,,1243,1015,1181,,1238,1631,,1862,,1888,,1870,2267,990,1566,,,1226,,,,1711,,1537,,1670,,,1143,,,,888,1673,,1412,1471,,2146,1516,1554,,,,,1107,2097,2225,,1489,2164,2284,1780,2074,1130,,,,1695,,,1985,1374,1402,,889,2289,,,1481,,2268,1319,1859,1605,1701,1461,1557,741,1393,1480,,,,1607,,1665,,2097,1485,,2012,1483,,1923,2123,1199,2108,1863,2471,2042,1388,2362,,1236,1757,1462,1018,1557,,,623,1489,2340,,,,,811,1012,,,1596,1157,1195,893,1220,1912,,,1780,1552,1977,889,,,2329,761
2018/07/01,,1193,,2466,1395,1602,973,,,,1719,,,,1384,2876,2773,801,,1635,1655,,,,2177,,,,2164,,,1364,,,,1762,2187,1588,1728,,1756,,1701,1203,,1369,,,,,,,1765,854,1788,1480,1397,2077,1381,,2063,1820,,,,,,957,,1535,1794,,1376,1482,1540,909,1499,,1080,1529,,1280,1493,1226,,1860,1119,,1505,,1558,,,,837,2124,1173,1023,2381,1365,,2415,2045,1950,,1924,1156,1308,,1404,1388,1045,861,,,1513,1987,1247,1210,,,1082,,,1579,1657,794,,1017,2170,1609,2675,,1120,1133,765,1493,837,1550,1213,,,,,2191,,,,,1527,,1582,1391,,1564,,1872,,983,,991,,,1444,1736,,2228,,1599,765,,1737,,2200,1744,2262,922,1084,,,,1494,,1560,,2184,,1351,,1146,1572,,,,1447,1837,2199,,1416,,,,,2309,1535,,1737,,769,,,,,,,1134,1324,667,1972,,,1515,1775,655,,1246,751,,,2576,1584,934,,1673,,2733,1274,,,,,1697,,,,1407,1635,1763,,2121,,1092,1046,1352,,1051,1961,1524,2117,,,2427,,1169,,,1367,1992,1166,,,1952,3060,1650,2258,1765,,1626,1512,,,2465,,1104,,1149,,1129,,,1711,,2105,,,685,,2102,932,,,2228,1919,1044,2529,2099,2007,1057,1859,1512,1887,,1499,,,,1400,1605,,,1614,,737,997,,,857,1438,2027,2586,,,1366,1942,,,,1772,,,,1789,,2058,1387,1245,,,2355,,,1416,1596,981,1943,,,1158,2051,,1574,,,,2536,,783,,1013,1193,1250,1185,,912,,2255,1972,1809,,1120,1120,1457,887,1375,,,,2188,1991,,2281,1232,,986,1736,,2046,,,,1919,2173,1936,1818,,,,,1962,1855,1005,,1145,1803,1345,2074,,1058,1278,1995,787,1139,866,,,,,,1654,1982,1385,,817,,,,,,1977,1667,,1402,1182,1009,1625,2172,,1863,2237,682,2193,2779,,1559,,,1058,,,2054,,,1402,,1996,1760,,,,1622,,1354,1268,,,2119,,,,,1448,1436,,,,1666,1292,1978,1102,,,1068,1139,1081,1110,,1268,1638,,1863,,2086,,1989,2193,852,1453,,,1182,,,,1845,,1442,,1788,,,1088,,,,903,1697,,1563,1529,,2229,1324,1700,,,,,1155,2028,2290,,1526,2182,2335,1817,2228,1169,,,,1590,,,2008,1504,1059,,,2403,,,1627,,2240,1370,1963,1671,1855,1407,1601,666,1544,1601,,,,1491,,1926,,2027,1570,,2059,1708,,1943,2143,1332,2215,1840,2464,2124,1588,2578,,1136,1766,1296,1038,1445,,,670,1354,2402,,,,,884,,1595,,1531,1075,1137,899,1072,1865,,,1666,1586,1888,,,,2383,776
2019/07/01,,1122,,2587,1586,1514,1019,,,,1744,,,,1371,2872,2732,816,,1645,1711,,,,2148,,,,2108,,,1494,,,,1915,2263,1544,1666,,1787,,1697,1092,,1451,,,,,,,1935,908,1945,1517,1360,1984,1437,,2166,1681,,,,,,1019,,1408,1893,,1271,1464,1525,884,1502,,1291,1530,,1413,1454,1216,,1890,1298,,1584,,1610,,,,,2045,1234,1115,2386,1289,,2530,1931,2085,,1994,1087,1217,,1404,1469,947,800,,,1390,1818,1354,1173,,,1131,,,1491,1682,,,,2013,1676,2798,,1000,1248,718,1427,971,1611,965,,,,,2326,,,,,1399,,1547,1439,,1544,,1924,,1130,,1089,,,1577,1677,,2096,,1507,764,,1707,,2229,1756,2139,958,1016,,,,1647,,1559,,2224,,1267,,1198,1445,,,,1460,1943,2244,,1309,,,,,2410,1512,,1772,,,,,,,,,1097,1212,,1907,,,1591,1872,,,1324,,,,2698,1670,916,,1736,,2743,1213,,,,,1594,,,,1144,1386,1865,,2227,,1048,1163,1142,,898,1955,1481,2291,,,2463,,1184,,,1379,2112,1242,,,1844,3008,1662,2345,1818,,1753,1398,,,2458,,1044,,1075,,1031,,,1605,,2193,,,719,,2081,789,,,2261,2198,1153,2470,2011,2023,993,1776,1309,1801,,1252,,,,1496,1674,,,1626,,709,990,,,873,1513,2011,2659,,,1469,1701,,,,1729,,,,1854,,2001,1446,1258,1054,,2458,,,1433,1711,,1852,,,1153,2119,,1777,,,,2501,,765,731,1073,975,1359,1222,,906,,2188,1903,1807,,,1011,1579,,1392,,,,2117,2077,,2367,1181,,949,1732,,2052,,,,1911,2260,1934,1929,,,,,2041,2022,1122,,1047,1689,1343,2172,,1074,1380,1948,767,1120,882,,,,,,1644,1986,1547,,1012,,,,,,1916,1567,,1369,1207,1100,1755,2175,,1732,2337,583,2268,2818,,1649,,,1071,,,2140,,,1442,,2054,1660,,,,1344,,1220,1077,,,2062,,,,,1417,1490,,,,1656,1385,2162,940,,,,1218,1227,1234,,1298,1562,,1776,,2070,,2002,1930,892,1242,,,1176,,,,1835,,1507,,1779,,,1061,,,,839,1731,,1460,1468,,2169,1398,1809,,,,,1246,2206,2113,,1553,2329,2316,1920,2089,1115,,,,1693,,,1767,1644,1217,,,2350,,,1531,,2169,1371,2025,1582,1813,1421,1581,777,,1609,,,,1353,,1888,,2080,1687,,1966,1623,,1896,2287,1322,2235,1886,2519,1975,1622,2456,,1212,1771,1222,1066,1386,,,628,1374,2314,,,,,916,1008,1492,,1322,888,,895,905,1927,,,1709,1499,1896,915,,957,2322,674
